"","PAD1","FCET","AGSBillions","YIR","PPIF","PPD1"
"1 Jan 2000",51,1517.7,23.222,3.37685727149935,126.7,52.51
"2 Jan 2000",61.8,1517.7,23.222,3.37685727149935,126.7,56.97
"3 Jan 2000",67.8,1517.7,23.222,3.37685727149935,126.7,59.79
"4 Jan 2000",69.26,1517.7,23.222,3.37685727149935,126.7,59.27
"1 Feb 2000",65.01,1517.7,23.222,3.37685727149935,127.2,57.35
"2 Feb 2000",63.93,1517.7,23.222,3.37685727149935,127.2,56.9
"3 Feb 2000",63.15,1517.7,23.222,3.37685727149935,127.2,56.46
"4 Feb 2000",56.65,1517.7,23.222,3.37685727149935,127.2,51.71
"5 Feb 2000",54.54,1517.7,23.222,3.37685727149935,127.2,50.52
"1 Mar 2000",54.08,1517.7,23.222,3.37685727149935,127.4,50.66
"2 Mar 2000",48.41,1517.7,23.222,3.37685727149935,127.4,49.04
"3 Mar 2000",47.98,1517.7,23.222,3.37685727149935,127.4,48.68
"4 Mar 2000",45.31,1517.7,23.222,3.37685727149935,127.4,47.06
"1 Apr 2000",48.51,1517.7,23.222,3.37685727149935,128.1,49.08
"2 Apr 2000",45.13,1517.7,23.222,3.37685727149935,128.1,43.68
"3 Apr 2000",46.94,1517.7,23.222,3.37685727149935,128.1,42.05
"4 Apr 2000",43.85,1517.7,23.222,3.37685727149935,128.1,41.34
"1 May 2000",44.57,1517.7,23.222,3.37685727149935,129.3,42.15
"2 May 2000",44.25,1517.7,23.222,3.37685727149935,129.3,41.8
"3 May 2000",47.43,1517.7,23.222,3.37685727149935,129.3,43.17
"4 May 2000",42.16,1517.7,23.222,3.37685727149935,129.3,33.61
"5 May 2000",37.94,1517.7,23.222,3.37685727149935,129.3,31.73
"1 Jun 2000",37.34,1517.7,23.222,3.37685727149935,129.4,27.42
"2 Jun 2000",44.04,1517.7,23.222,3.37685727149935,129.4,29.09
"3 Jun 2000",42.56,1517.7,23.222,3.37685727149935,129.4,27.8
"4 Jun 2000",44.84,1517.7,23.222,3.37685727149935,129.4,29.92
"1 Jul 2000",42.5,1517.7,23.222,3.37685727149935,129.4,25.76
"2 Jul 2000",43.57,1517.7,23.222,3.37685727149935,129.4,27.26
"3 Jul 2000",49.46,1517.7,23.222,3.37685727149935,129.4,35.16
"4 Jul 2000",49.87,1517.7,23.222,3.37685727149935,129.4,34.45
"1 Aug 2000",49.67,1517.7,23.222,3.37685727149935,128.7,33.66
"2 Aug 2000",51.13,1517.7,23.222,3.37685727149935,128.7,33.05
"3 Aug 2000",51.63,1517.7,23.222,3.37685727149935,128.7,34.27
"4 Aug 2000",50.1,1517.7,23.222,3.37685727149935,128.7,32.73
"5 Aug 2000",56.28,1517.7,23.222,3.37685727149935,128.7,34.41
"1 Sep 2000",57.23,1517.7,23.222,3.37685727149935,128.5,35.24
"2 Sep 2000",56.27,1517.7,23.222,3.37685727149935,128.5,34.78
"3 Sep 2000",58.38,1517.7,23.222,3.37685727149935,128.5,35.17
"4 Sep 2000",57.81,1517.7,23.222,3.37685727149935,128.5,33.56
"1 Oct 2000",60.47,1517.7,23.222,3.37685727149935,128.7,34.92
"2 Oct 2000",59.49,1517.7,23.222,3.37685727149935,128.7,34.47
"3 Oct 2000",59.8,1517.7,23.222,3.37685727149935,128.7,37.58
"4 Oct 2000",64.23,1517.7,23.222,3.37685727149935,128.7,39.59
"5 Oct 2000",59.75,1517.7,23.222,3.37685727149935,128.7,42.11
"1 Nov 2000",45.32,1517.7,23.222,3.37685727149935,128.8,44.36
"2 Nov 2000",36.89,1517.7,23.222,3.37685727149935,128.8,30.28
"3 Nov 2000",35.77,1517.7,23.222,3.37685727149935,128.8,28.13
"4 Nov 2000",35.57,1517.7,23.222,3.37685727149935,128.8,26.76
"1 Dec 2000",33.86,1517.7,23.222,3.37685727149935,129.6,26.46
"2 Dec 2000",33.15,1517.7,23.222,3.37685727149935,129.6,25.32
"3 Dec 2000",29.35,1517.7,23.222,3.37685727149935,129.6,22.08
"4 Dec 2000",27.75,1517.7,23.222,3.37685727149935,129.6,21.6
"1 Jan 2001",29.18,1383.9,22.431,2.82617111885402,130.3,28.36
"2 Jan 2001",31.65,1383.9,22.431,2.82617111885402,130.3,29.78
"3 Jan 2001",30.02,1383.9,22.431,2.82617111885402,130.3,24.07
"4 Jan 2001",43.43,1383.9,22.431,2.82617111885402,130.3,32.58
"5 Jan 2001",38.85,1383.9,22.431,2.82617111885402,130.3,29.83
"1 Feb 2001",38.57,1383.9,22.431,2.82617111885402,130.8,29.57
"2 Feb 2001",37.21,1383.9,22.431,2.82617111885402,130.8,29.11
"3 Feb 2001",34.45,1383.9,22.431,2.82617111885402,130.8,26.34
"4 Feb 2001",34.78,1383.9,22.431,2.82617111885402,130.8,25.88
"1 Mar 2001",33.26,1383.9,22.431,2.82617111885402,131.8,24.05
"2 Mar 2001",33.97,1383.9,22.431,2.82617111885402,131.8,24.17
"3 Mar 2001",34.05,1383.9,22.431,2.82617111885402,131.8,24.13
"4 Mar 2001",37.58,1383.9,22.431,2.82617111885402,131.8,30.88
"1 Apr 2001",38.16,1383.9,22.431,2.82617111885402,132.5,31.65
"2 Apr 2001",35.52,1383.9,22.431,2.82617111885402,132.5,28.22
"3 Apr 2001",35.05,1383.9,22.431,2.82617111885402,132.5,27.19
"4 Apr 2001",35.21,1383.9,22.431,2.82617111885402,132.5,28.14
"1 May 2001",36.93,1383.9,22.431,2.82617111885402,133.4,29.85
"2 May 2001",47.49,1383.9,22.431,2.82617111885402,133.4,56.89
"3 May 2001",48.55,1383.9,22.431,2.82617111885402,133.4,60.22
"4 May 2001",46.24,1383.9,22.431,2.82617111885402,133.4,54.67
"5 May 2001",44.87,1383.9,22.431,2.82617111885402,133.4,50.76
"1 Jun 2001",39.69,1383.9,22.431,2.82617111885402,133.7,31.77
"2 Jun 2001",37.74,1383.9,22.431,2.82617111885402,133.7,27.21
"3 Jun 2001",42.82,1383.9,22.431,2.82617111885402,133.7,29.07
"4 Jun 2001",45.32,1383.9,22.431,2.82617111885402,133.7,31.96
"1 Jul 2001",47.02,1383.9,22.431,2.82617111885402,134,29.46
"2 Jul 2001",42.68,1383.9,22.431,2.82617111885402,134,27.58
"3 Jul 2001",48.98,1383.9,22.431,2.82617111885402,134,35.86
"4 Jul 2001",52.82,1383.9,22.431,2.82617111885402,134,40.79
"5 Jul 2001",52.69,1383.9,22.431,2.82617111885402,134,43.41
"1 Aug 2001",51.37,1383.9,22.431,2.82617111885402,134.6,45.8
"2 Aug 2001",48.81,1383.9,22.431,2.82617111885402,134.6,39.01
"3 Aug 2001",45.92,1383.9,22.431,2.82617111885402,134.6,33.39
"4 Aug 2001",47.46,1383.9,22.431,2.82617111885402,134.6,36.32
"1 Sep 2001",50.24,1383.9,22.431,2.82617111885402,134.5,42.41
"2 Sep 2001",50.81,1383.9,22.431,2.82617111885402,134.5,42.12
"3 Sep 2001",48.36,1383.9,22.431,2.82617111885402,134.5,37.22
"4 Sep 2001",43.7,1383.9,22.431,2.82617111885402,134.5,31.37
"1 Oct 2001",44.13,1383.9,22.431,2.82617111885402,134.1,27.33
"2 Oct 2001",47.41,1383.9,22.431,2.82617111885402,134.1,31.2
"3 Oct 2001",46.2,1383.9,22.431,2.82617111885402,134.1,30.28
"4 Oct 2001",51.94,1383.9,22.431,2.82617111885402,134.1,46.91
"5 Oct 2001",55.38,1383.9,22.431,2.82617111885402,134.1,47.12
"1 Nov 2001",57.92,1383.9,22.431,2.82617111885402,132.4,48.3
"2 Nov 2001",61.22,1383.9,22.431,2.82617111885402,132.4,50.45
"3 Nov 2001",61,1383.9,22.431,2.82617111885402,132.4,50.48
"4 Nov 2001",56.37,1383.9,22.431,2.82617111885402,132.4,47.63
"1 Dec 2001",55.92,1383.9,22.431,2.82617111885402,131.7,45.94
"2 Dec 2001",54.35,1383.9,22.431,2.82617111885402,131.7,44.99
"3 Dec 2001",53.23,1383.9,22.431,2.82617111885402,131.7,42.74
"4 Dec 2001",53.34,1383.9,22.431,2.82617111885402,131.7,42.8
"1 Jan 2002",53.46,1330.5,12.415,1.58603162650603,131.5,42.33
"2 Jan 2002",54.45,1330.5,12.415,1.58603162650603,131.5,42.95
"3 Jan 2002",56.28,1330.5,12.415,1.58603162650603,131.5,41.75
"4 Jan 2002",56.43,1330.5,12.415,1.58603162650603,131.5,45.42
"5 Jan 2002",57.28,1330.5,12.415,1.58603162650603,131.5,46.68
"1 Feb 2002",57.65,1330.5,12.415,1.58603162650603,132,46.91
"2 Feb 2002",58.66,1330.5,12.415,1.58603162650603,132,47.9
"3 Feb 2002",60.68,1330.5,12.415,1.58603162650603,132,51.09
"4 Feb 2002",63.88,1330.5,12.415,1.58603162650603,132,52.13
"1 Mar 2002",63.6,1330.5,12.415,1.58603162650603,132,51.56
"2 Mar 2002",67.16,1330.5,12.415,1.58603162650603,132,55.13
"3 Mar 2002",65.48,1330.5,12.415,1.58603162650603,132,54.86
"4 Mar 2002",65.61,1330.5,12.415,1.58603162650603,132,54.76
"1 Apr 2002",64.11,1330.5,12.415,1.58603162650603,131.5,53.22
"2 Apr 2002",62.99,1330.5,12.415,1.58603162650603,131.5,52.06
"3 Apr 2002",60.5,1330.5,12.415,1.58603162650603,131.5,50.16
"4 Apr 2002",61.47,1330.5,12.415,1.58603162650603,131.5,52.69
"5 Apr 2002",61.27,1330.5,12.415,1.58603162650603,131.5,54.86
"1 May 2002",63.61,1330.5,12.415,1.58603162650603,130.9,57.77
"2 May 2002",61.44,1330.5,12.415,1.58603162650603,130.9,57.58
"3 May 2002",59.56,1330.5,12.415,1.58603162650603,130.9,56.58
"4 May 2002",62.09,1330.5,12.415,1.58603162650603,130.9,60.68
"1 Jun 2002",62.79,1330.5,12.415,1.58603162650603,131.3,59.93
"2 Jun 2002",62.16,1330.5,12.415,1.58603162650603,131.3,59.89
"3 Jun 2002",61.13,1330.5,12.415,1.58603162650603,131.3,55.66
"4 Jun 2002",62.26,1330.5,12.415,1.58603162650603,131.3,55.97
"1 Jul 2002",63.12,1330.5,12.415,1.58603162650603,131.5,54.43
"2 Jul 2002",63.84,1330.5,12.415,1.58603162650603,131.5,57.19
"3 Jul 2002",65.68,1330.5,12.415,1.58603162650603,131.5,62.34
"4 Jul 2002",71.85,1330.5,12.415,1.58603162650603,131.5,73.62
"5 Jul 2002",71.33,1330.5,12.415,1.58603162650603,131.5,71.99
"1 Aug 2002",68.5,1330.5,12.415,1.58603162650603,131.3,70.49
"2 Aug 2002",68.54,1330.5,12.415,1.58603162650603,131.3,71.02
"3 Aug 2002",64.9,1330.5,12.415,1.58603162650603,131.3,65.88
"4 Aug 2002",63.33,1330.5,12.415,1.58603162650603,131.3,61.35
"1 Sep 2002",67.92,1330.5,12.415,1.58603162650603,136.1,66.15
"2 Sep 2002",71.06,1330.5,12.415,1.58603162650603,136.1,71.4
"3 Sep 2002",71.42,1330.5,12.415,1.58603162650603,136.1,71.22
"4 Sep 2002",68.1,1330.5,12.415,1.58603162650603,136.1,68.99
"1 Oct 2002",70.92,1330.5,12.415,1.58603162650603,131.6,68.97
"2 Oct 2002",71.23,1330.5,12.415,1.58603162650603,131.6,67.46
"3 Oct 2002",67.7,1330.5,12.415,1.58603162650603,131.6,62.03
"4 Oct 2002",64.68,1330.5,12.415,1.58603162650603,131.6,57.38
"5 Oct 2002",60.98,1330.5,12.415,1.58603162650603,131.6,55.39
"1 Nov 2002",60.85,1330.5,12.415,1.58603162650603,131.6,52.46
"2 Nov 2002",59.15,1330.5,12.415,1.58603162650603,131.6,50.88
"3 Nov 2002",58.95,1330.5,12.415,1.58603162650603,131.6,47.28
"4 Nov 2002",58.63,1330.5,12.415,1.58603162650603,131.6,44.48
"1 Dec 2002",58.96,1330.5,12.415,1.58603162650603,132.6,45.21
"2 Dec 2002",61.38,1330.5,12.415,1.58603162650603,132.6,47.13
"3 Dec 2002",57.73,1330.5,12.415,1.58603162650603,132.6,38.36
"4 Dec 2002",56.58,1330.5,12.415,1.58603162650603,132.6,36.13
"5 Dec 2002",55.05,1330.5,12.415,1.58603162650603,132.6,32.79
"1 Jan 2003",57.62,1348.1,16.523,2.27009497336113,133.9,33.08
"2 Jan 2003",57.78,1348.1,16.523,2.27009497336113,133.9,33.37
"3 Jan 2003",60,1348.1,16.523,2.27009497336113,133.9,35.86
"4 Jan 2003",61.11,1348.1,16.523,2.27009497336113,133.9,37.81
"1 Feb 2003",62.05,1348.1,16.523,2.27009497336113,134.5,37.34
"2 Feb 2003",63.48,1348.1,16.523,2.27009497336113,134.5,39.83
"3 Feb 2003",61.86,1348.1,16.523,2.27009497336113,134.5,33.4
"4 Feb 2003",60.85,1348.1,16.523,2.27009497336113,134.5,32.9
"1 Mar 2003",61.18,1348.1,16.523,2.27009497336113,134.8,32.65
"2 Mar 2003",63.29,1348.1,16.523,2.27009497336113,134.8,33.28
"3 Mar 2003",60.67,1348.1,16.523,2.27009497336113,134.8,29.47
"4 Mar 2003",59.18,1348.1,16.523,2.27009497336113,134.8,29.05
"1 Apr 2003",58.89,1348.1,16.523,2.27009497336113,135.1,29.86
"2 Apr 2003",58.01,1348.1,16.523,2.27009497336113,135.1,28.15
"3 Apr 2003",61.21,1348.1,16.523,2.27009497336113,135.1,31.72
"4 Apr 2003",59.2,1348.1,16.523,2.27009497336113,135.1,30.24
"5 Apr 2003",65.37,1348.1,16.523,2.27009497336113,135.1,38.09
"1 May 2003",61.33,1348.1,16.523,2.27009497336113,135.7,35.45
"2 May 2003",56.22,1348.1,16.523,2.27009497336113,135.7,27.3
"3 May 2003",54.03,1348.1,16.523,2.27009497336113,135.7,24.85
"4 May 2003",53.09,1348.1,16.523,2.27009497336113,135.7,22.67
"1 Jun 2003",54.52,1348.1,16.523,2.27009497336113,137.1,24.32
"2 Jun 2003",53.36,1348.1,16.523,2.27009497336113,137.1,22.81
"3 Jun 2003",51.38,1348.1,16.523,2.27009497336113,137.1,23.47
"4 Jun 2003",51.33,1348.1,16.523,2.27009497336113,137.1,25.35
"1 Jul 2003",48.2,1348.1,16.523,2.27009497336113,137,23.36
"2 Jul 2003",46.74,1348.1,16.523,2.27009497336113,137,20.9
"3 Jul 2003",53.72,1348.1,16.523,2.27009497336113,137,22.36
"4 Jul 2003",53.87,1348.1,16.523,2.27009497336113,137,22.23
"5 Jul 2003",55.04,1348.1,16.523,2.27009497336113,137,23.45
"1 Aug 2003",57.22,1348.1,16.523,2.27009497336113,137.8,23.51
"2 Aug 2003",58.86,1348.1,16.523,2.27009497336113,137.8,25.05
"3 Aug 2003",64.77,1348.1,16.523,2.27009497336113,137.8,27.02
"4 Aug 2003",67.01,1348.1,16.523,2.27009497336113,137.8,31.82
"1 Sep 2003",64.24,1348.1,16.523,2.27009497336113,139,29.65
"2 Sep 2003",64.66,1348.1,16.523,2.27009497336113,139,30.11
"3 Sep 2003",62.39,1348.1,16.523,2.27009497336113,139,29.6
"4 Sep 2003",62.86,1348.1,16.523,2.27009497336113,139,30.38
"5 Sep 2003",61.43,1348.1,16.523,2.27009497336113,139,27.57
"1 Oct 2003",58.99,1348.1,16.523,2.27009497336113,141.8,25.41
"2 Oct 2003",59.94,1348.1,16.523,2.27009497336113,141.8,31.06
"3 Oct 2003",61.11,1348.1,16.523,2.27009497336113,141.8,30.59
"4 Oct 2003",62.87,1348.1,16.523,2.27009497336113,141.8,34.83
"1 Nov 2003",61.59,1348.1,16.523,2.27009497336113,141.5,30.83
"2 Nov 2003",61.6,1348.1,16.523,2.27009497336113,141.5,29.11
"3 Nov 2003",60.15,1348.1,16.523,2.27009497336113,141.5,28.49
"4 Nov 2003",58.78,1348.1,16.523,2.27009497336113,141.5,27.73
"1 Dec 2003",57.97,1348.1,16.523,2.27009497336113,141.1,26.25
"2 Dec 2003",58.59,1348.1,16.523,2.27009497336113,141.1,28.6
"3 Dec 2003",56.59,1348.1,16.523,2.27009497336113,141.1,25.16
"4 Dec 2003",57.47,1348.1,16.523,2.27009497336113,141.1,26.35
"5 Dec 2003",56.18,1348.1,16.523,2.27009497336113,141.1,23.03
"1 Jan 2004",57.77,1326.7,12.97,2.67723669309173,139.3,22.77
"2 Jan 2004",57.57,1326.7,12.97,2.67723669309173,139.3,22.91
"3 Jan 2004",55.1,1326.7,12.97,2.67723669309173,139.3,20.89
"4 Jan 2004",54.42,1326.7,12.97,2.67723669309173,139.3,20.48
"1 Feb 2004",54.42,1326.7,12.97,2.67723669309173,140.4,20.48
"2 Feb 2004",53.45,1326.7,12.97,2.67723669309173,140.4,20.69
"3 Feb 2004",53.41,1326.7,12.97,2.67723669309173,140.4,20.63
"4 Feb 2004",52.29,1326.7,12.97,2.67723669309173,140.4,16.46
"1 Mar 2004",51.41,1326.7,12.97,2.67723669309173,142.4,14.98
"2 Mar 2004",49.39,1326.7,12.97,2.67723669309173,142.4,16.11
"3 Mar 2004",48.83,1326.7,12.97,2.67723669309173,142.4,15.8
"4 Mar 2004",52.62,1326.7,12.97,2.67723669309173,142.4,21.07
"5 Mar 2004",53.51,1326.7,12.97,2.67723669309173,142.4,27.89
"1 Apr 2004",54.21,1326.7,12.97,2.67723669309173,146.1,29.89
"2 Apr 2004",55.55,1326.7,12.97,2.67723669309173,146.1,32.12
"3 Apr 2004",57.96,1326.7,12.97,2.67723669309173,146.1,33.35
"4 Apr 2004",55.7,1326.7,12.97,2.67723669309173,146.1,32.86
"1 May 2004",54.17,1326.7,12.97,2.67723669309173,149.1,31.64
"2 May 2004",54.84,1326.7,12.97,2.67723669309173,149.1,31.06
"3 May 2004",53.6,1326.7,12.97,2.67723669309173,149.1,31.35
"4 May 2004",57.68,1326.7,12.97,2.67723669309173,149.1,36.37
"1 Jun 2004",55.7,1326.7,12.97,2.67723669309173,148.6,37.27
"2 Jun 2004",52.79,1326.7,12.97,2.67723669309173,148.6,31.28
"3 Jun 2004",49.56,1326.7,12.97,2.67723669309173,148.6,27.43
"4 Jun 2004",46.75,1326.7,12.97,2.67723669309173,148.6,26.02
"5 Jun 2004",45.75,1326.7,12.97,2.67723669309173,148.6,23.28
"1 Jul 2004",45.54,1326.7,12.97,2.67723669309173,146.5,22.4
"2 Jul 2004",46.35,1326.7,12.97,2.67723669309173,146.5,24.5
"3 Jul 2004",47.53,1326.7,12.97,2.67723669309173,146.5,25.17
"4 Jul 2004",44.83,1326.7,12.97,2.67723669309173,146.5,23.11
"1 Aug 2004",46.19,1326.7,12.97,2.67723669309173,144.6,23.88
"2 Aug 2004",45.97,1326.7,12.97,2.67723669309173,144.6,24.86
"3 Aug 2004",43.79,1326.7,12.97,2.67723669309173,144.6,22.24
"4 Aug 2004",41.65,1326.7,12.97,2.67723669309173,144.6,19.84
"5 Aug 2004",40.22,1326.7,12.97,2.67723669309173,144.6,19.79
"1 Sep 2004",38.64,1326.7,12.97,2.67723669309173,143.8,19.3
"2 Sep 2004",40.45,1326.7,12.97,2.67723669309173,143.8,20.21
"3 Sep 2004",41.21,1326.7,12.97,2.67723669309173,143.8,20.88
"4 Sep 2004",43.48,1326.7,12.97,2.67723669309173,143.8,28.03
"1 Oct 2004",48.42,1326.7,12.97,2.67723669309173,143.5,32.33
"2 Oct 2004",44.56,1326.7,12.97,2.67723669309173,143.5,29.45
"3 Oct 2004",42.21,1326.7,12.97,2.67723669309173,143.5,25.44
"4 Oct 2004",41.16,1326.7,12.97,2.67723669309173,143.5,21.95
"1 Nov 2004",39.28,1326.7,12.97,2.67723669309173,143.3,21.11
"2 Nov 2004",39.1,1326.7,12.97,2.67723669309173,143.3,19.85
"3 Nov 2004",39.77,1326.7,12.97,2.67723669309173,143.3,18.92
"4 Nov 2004",39.94,1326.7,12.97,2.67723669309173,143.3,18.98
"5 Nov 2004",37.18,1326.7,12.97,2.67723669309173,143.3,16.77
"1 Dec 2004",36.57,1326.7,12.97,2.67723669309173,144.2,15.6
"2 Dec 2004",35.71,1326.7,12.97,2.67723669309173,144.2,16.76
"3 Dec 2004",37.34,1326.7,12.97,2.67723669309173,144.2,18.45
"4 Dec 2004",38.76,1326.7,12.97,2.67723669309173,144.2,17.27
"1 Jan 2005",36.98,1325.3,24.396,3.39274684549547,144.7,12.16
"2 Jan 2005",39.91,1325.3,24.396,3.39274684549547,144.7,13.73
"3 Jan 2005",39.01,1325.3,24.396,3.39274684549547,144.7,12.71
"4 Jan 2005",39.17,1325.3,24.396,3.39274684549547,144.7,11.76
"1 Feb 2005",39.1,1325.3,24.396,3.39274684549547,145,11.97
"2 Feb 2005",38.75,1325.3,24.396,3.39274684549547,145,12.03
"3 Feb 2005",39.2,1325.3,24.396,3.39274684549547,145,13.42
"4 Feb 2005",39.65,1325.3,24.396,3.39274684549547,145,14.68
"1 Mar 2005",38.35,1325.3,24.396,3.39274684549547,146,12.63
"2 Mar 2005",40.06,1325.3,24.396,3.39274684549547,146,15.01
"3 Mar 2005",40.31,1325.3,24.396,3.39274684549547,146,13.38
"4 Mar 2005",39.89,1325.3,24.396,3.39274684549547,146,11.56
"5 Mar 2005",37.41,1325.3,24.396,3.39274684549547,146,10.26
"1 Apr 2005",36.61,1325.3,24.396,3.39274684549547,146.3,9
"2 Apr 2005",32.79,1325.3,24.396,3.39274684549547,146.3,9.93
"3 Apr 2005",35.72,1325.3,24.396,3.39274684549547,146.3,14.66
"4 Apr 2005",35.67,1325.3,24.396,3.39274684549547,146.3,14.83
"1 May 2005",44.25,1325.3,24.396,3.39274684549547,147.1,21.77
"2 May 2005",47.39,1325.3,24.396,3.39274684549547,147.1,25.77
"3 May 2005",40.12,1325.3,24.396,3.39274684549547,147.1,21.25
"4 May 2005",44.53,1325.3,24.396,3.39274684549547,147.1,24.83
"5 May 2005",45.05,1325.3,24.396,3.39274684549547,147.1,26.73
"1 Jun 2005",44.76,1325.3,24.396,3.39274684549547,146.4,28.86
"2 Jun 2005",40.22,1325.3,24.396,3.39274684549547,146.4,34.05
"3 Jun 2005",40.52,1325.3,24.396,3.39274684549547,146.4,38.2
"4 Jun 2005",47.18,1325.3,24.396,3.39274684549547,146.4,47.55
"1 Jul 2005",45.92,1325.3,24.396,3.39274684549547,146.3,41.1
"2 Jul 2005",45.29,1325.3,24.396,3.39274684549547,146.3,32.06
"3 Jul 2005",48.09,1325.3,24.396,3.39274684549547,146.3,33.48
"4 Jul 2005",51.51,1325.3,24.396,3.39274684549547,146.3,32.19
"1 Aug 2005",52.32,1325.3,24.396,3.39274684549547,146,37.65
"2 Aug 2005",51.98,1325.3,24.396,3.39274684549547,146,37.45
"3 Aug 2005",46.5,1325.3,24.396,3.39274684549547,146,32.02
"4 Aug 2005",43.05,1325.3,24.396,3.39274684549547,146,30.83
"5 Aug 2005",41.97,1325.3,24.396,3.39274684549547,146,31.21
"1 Sep 2005",44.25,1325.3,24.396,3.39274684549547,146.3,43.2
"2 Sep 2005",47.84,1325.3,24.396,3.39274684549547,146.3,50.54
"3 Sep 2005",48.07,1325.3,24.396,3.39274684549547,146.3,50.51
"4 Sep 2005",45.85,1325.3,24.396,3.39274684549547,146.3,47.99
"1 Oct 2005",47.92,1325.3,24.396,3.39274684549547,146.7,48.55
"2 Oct 2005",43.13,1325.3,24.396,3.39274684549547,146.7,32.99
"3 Oct 2005",42.67,1325.3,24.396,3.39274684549547,146.7,32.13
"4 Oct 2005",46.55,1325.3,24.396,3.39274684549547,146.7,34.26
"1 Nov 2005",51.46,1325.3,24.396,3.39274684549547,146.1,37.95
"2 Nov 2005",51.64,1325.3,24.396,3.39274684549547,146.1,38.52
"3 Nov 2005",51.52,1325.3,24.396,3.39274684549547,146.1,38.58
"4 Nov 2005",49.85,1325.3,24.396,3.39274684549547,146.1,36.78
"5 Nov 2005",47.46,1325.3,24.396,3.39274684549547,146.1,34.31
"1 Dec 2005",45.26,1325.3,24.396,3.39274684549547,146.2,30.37
"2 Dec 2005",46.61,1325.3,24.396,3.39274684549547,146.2,30.19
"3 Dec 2005",46.11,1325.3,24.396,3.39274684549547,146.2,28.69
"4 Dec 2005",44.34,1325.3,24.396,3.39274684549547,146.2,28.16
"1 Jan 2006",42.95,1327.1,15.789,3.22594410070407,146.4,26.93
"2 Jan 2006",45.49,1327.1,15.789,3.22594410070407,146.4,29.93
"3 Jan 2006",45.67,1327.1,15.789,3.22594410070407,146.4,29.76
"4 Jan 2006",43.49,1327.1,15.789,3.22594410070407,146.4,28.4
"5 Jan 2006",43.18,1327.1,15.789,3.22594410070407,146.4,27.68
"1 Feb 2006",42.18,1327.1,15.789,3.22594410070407,145.1,30.76
"2 Feb 2006",41.76,1327.1,15.789,3.22594410070407,145.1,30.65
"3 Feb 2006",41.96,1327.1,15.789,3.22594410070407,145.1,31.24
"4 Feb 2006",45.69,1327.1,15.789,3.22594410070407,145.1,33.49
"1 Mar 2006",47.7,1327.1,15.789,3.22594410070407,145.2,35.51
"2 Mar 2006",45.95,1327.1,15.789,3.22594410070407,145.2,35.39
"3 Mar 2006",50.96,1327.1,15.789,3.22594410070407,145.2,50.59
"4 Mar 2006",50.93,1327.1,15.789,3.22594410070407,145.2,55.28
"1 Apr 2006",52.31,1327.1,15.789,3.22594410070407,144.1,60.02
"2 Apr 2006",50.56,1327.1,15.789,3.22594410070407,144.1,57.75
"3 Apr 2006",52.43,1327.1,15.789,3.22594410070407,144.1,60.09
"4 Apr 2006",51.24,1327.1,15.789,3.22594410070407,144.1,51.44
"1 May 2006",50.84,1327.1,15.789,3.22594410070407,144.7,48.48
"2 May 2006",51.63,1327.1,15.789,3.22594410070407,144.7,56.9
"3 May 2006",46.61,1327.1,15.789,3.22594410070407,144.7,43.86
"4 May 2006",45.41,1327.1,15.789,3.22594410070407,144.7,38.89
"5 May 2006",49.36,1327.1,15.789,3.22594410070407,144.7,42.79
"1 Jun 2006",48.59,1327.1,15.789,3.22594410070407,146.4,38.56
"2 Jun 2006",53.77,1327.1,15.789,3.22594410070407,146.4,40.46
"3 Jun 2006",53.52,1327.1,15.789,3.22594410070407,146.4,39.01
"4 Jun 2006",52.34,1327.1,15.789,3.22594410070407,146.4,33.96
"1 Jul 2006",53.61,1327.1,15.789,3.22594410070407,147.4,33.37
"2 Jul 2006",58.36,1327.1,15.789,3.22594410070407,147.4,32.52
"3 Jul 2006",60.4,1327.1,15.789,3.22594410070407,147.4,34.63
"4 Jul 2006",61.51,1327.1,15.789,3.22594410070407,147.4,34.06
"1 Aug 2006",61.46,1327.1,15.789,3.22594410070407,147.5,33.33
"2 Aug 2006",63.6,1327.1,15.789,3.22594410070407,147.5,35.19
"3 Aug 2006",64.2,1327.1,15.789,3.22594410070407,147.5,40.08
"4 Aug 2006",64.5,1327.1,15.789,3.22594410070407,147.5,44.4
"5 Aug 2006",63.3,1327.1,15.789,3.22594410070407,147.5,40.7
"1 Sep 2006",60.95,1327.1,15.789,3.22594410070407,147.9,36.14
"2 Sep 2006",57.68,1327.1,15.789,3.22594410070407,147.9,33.71
"3 Sep 2006",56.72,1327.1,15.789,3.22594410070407,147.9,31.23
"4 Sep 2006",54.88,1327.1,15.789,3.22594410070407,147.9,30.43
"1 Oct 2006",55.41,1327.1,15.789,3.22594410070407,147.6,31.33
"2 Oct 2006",54.65,1327.1,15.789,3.22594410070407,147.6,33.17
"3 Oct 2006",53.14,1327.1,15.789,3.22594410070407,147.6,33.15
"4 Oct 2006",50.14,1327.1,15.789,3.22594410070407,147.6,31.8
"5 Oct 2006",47.97,1327.1,15.789,3.22594410070407,147.6,30.1
"1 Nov 2006",43.77,1327.1,15.789,3.22594410070407,149,25.48
"2 Nov 2006",45.09,1327.1,15.789,3.22594410070407,149,25.75
"3 Nov 2006",43.49,1327.1,15.789,3.22594410070407,149,23.48
"4 Nov 2006",42.76,1327.1,15.789,3.22594410070407,149,23.36
"1 Dec 2006",46.28,1327.1,15.789,3.22594410070407,149.8,31.55
"2 Dec 2006",47.76,1327.1,15.789,3.22594410070407,149.8,34.1
"3 Dec 2006",53.87,1327.1,15.789,3.22594410070407,149.8,40.66
"4 Dec 2006",52.48,1327.1,15.789,3.22594410070407,149.8,39.99
"1 Jan 2007",49.99,1271.1,11.903,2.85267248150136,151.6,39.28
"2 Jan 2007",48.41,1271.1,11.903,2.85267248150136,151.6,35.73
"3 Jan 2007",45.77,1271.1,11.903,2.85267248150136,151.6,33.53
"4 Jan 2007",42.07,1271.1,11.903,2.85267248150136,151.6,32.77
"5 Jan 2007",43.68,1271.1,11.903,2.85267248150136,151.6,32.86
"1 Feb 2007",46.44,1271.1,11.903,2.85267248150136,153.8,34.61
"2 Feb 2007",46.75,1271.1,11.903,2.85267248150136,153.8,33.93
"3 Feb 2007",48.47,1271.1,11.903,2.85267248150136,153.8,37.29
"4 Feb 2007",45.3,1271.1,11.903,2.85267248150136,153.8,34.93
"1 Mar 2007",43.98,1271.1,11.903,2.85267248150136,155.8,32.37
"2 Mar 2007",49.81,1271.1,11.903,2.85267248150136,155.8,40.08
"3 Mar 2007",50.96,1271.1,11.903,2.85267248150136,155.8,39.69
"4 Mar 2007",55.26,1271.1,11.903,2.85267248150136,155.8,43.89
"1 Apr 2007",49.38,1271.1,11.903,2.85267248150136,156.9,39.33
"2 Apr 2007",49.86,1271.1,11.903,2.85267248150136,156.9,39.49
"3 Apr 2007",47.06,1271.1,11.903,2.85267248150136,156.9,34.41
"4 Apr 2007",47.53,1271.1,11.903,2.85267248150136,156.9,35.87
"1 May 2007",47.56,1271.1,11.903,2.85267248150136,158.7,36.54
"2 May 2007",46.55,1271.1,11.903,2.85267248150136,158.7,38.3
"3 May 2007",48.77,1271.1,11.903,2.85267248150136,158.7,41.63
"4 May 2007",49.03,1271.1,11.903,2.85267248150136,158.7,42.34
"5 May 2007",50.51,1271.1,11.903,2.85267248150136,158.7,45.84
"1 Jun 2007",51.35,1271.1,11.903,2.85267248150136,160.3,47.4
"2 Jun 2007",50.57,1271.1,11.903,2.85267248150136,160.3,48.64
"3 Jun 2007",52.54,1271.1,11.903,2.85267248150136,160.3,51.94
"4 Jun 2007",53.57,1271.1,11.903,2.85267248150136,160.3,57.67
"1 Jul 2007",53.83,1271.1,11.903,2.85267248150136,160.4,55.54
"2 Jul 2007",58.16,1271.1,11.903,2.85267248150136,160.4,57.24
"3 Jul 2007",59.36,1271.1,11.903,2.85267248150136,160.4,59.05
"4 Jul 2007",62.47,1271.1,11.903,2.85267248150136,160.4,58.61
"5 Jul 2007",64.06,1271.1,11.903,2.85267248150136,160.4,60.55
"1 Aug 2007",66.17,1271.1,11.903,2.85267248150136,160.3,61.59
"2 Aug 2007",65.21,1271.1,11.903,2.85267248150136,160.3,58.5
"3 Aug 2007",64.65,1271.1,11.903,2.85267248150136,160.3,56.76
"4 Aug 2007",61.95,1271.1,11.903,2.85267248150136,160.3,55.56
"1 Sep 2007",61.52,1271.1,11.903,2.85267248150136,160.8,56.1
"2 Sep 2007",59.59,1271.1,11.903,2.85267248150136,160.8,54.52
"3 Sep 2007",58.6,1271.1,11.903,2.85267248150136,160.8,52.45
"4 Sep 2007",58.71,1271.1,11.903,2.85267248150136,160.8,54.2
"1 Oct 2007",59.3,1271.1,11.903,2.85267248150136,160.7,55.8
"2 Oct 2007",59.12,1271.1,11.903,2.85267248150136,160.7,56.32
"3 Oct 2007",58.55,1271.1,11.903,2.85267248150136,160.7,54.77
"4 Oct 2007",54.78,1271.1,11.903,2.85267248150136,160.7,51.78
"5 Oct 2007",50.11,1271.1,11.903,2.85267248150136,160.7,45.29
"1 Nov 2007",53.34,1271.1,11.903,2.85267248150136,161.4,47.74
"2 Nov 2007",57.81,1271.1,11.903,2.85267248150136,161.4,50.38
"3 Nov 2007",60.44,1271.1,11.903,2.85267248150136,161.4,54.98
"4 Nov 2007",56.24,1271.1,11.903,2.85267248150136,161.4,47.57
"1 Dec 2007",58.56,1271.1,11.903,2.85267248150136,162.8,48.03
"2 Dec 2007",55.68,1271.1,11.903,2.85267248150136,162.8,45.76
"3 Dec 2007",53.62,1271.1,11.903,2.85267248150136,162.8,44.21
"4 Dec 2007",53.62,1271.1,11.903,2.85267248150136,162.8,44.88
"1 Jan 2008",54.58,1377.2,12.242,3.83910029665101,165.8,44.89
"2 Jan 2008",56.41,1377.2,12.242,3.83910029665101,165.8,45.17
"3 Jan 2008",57.69,1377.2,12.242,3.83910029665101,165.8,46.93
"4 Jan 2008",55.8,1377.2,12.242,3.83910029665101,165.8,45.21
"5 Jan 2008",56.41,1377.2,12.242,3.83910029665101,165.8,43.11
"1 Feb 2008",55.95,1377.2,12.242,3.83910029665101,167.5,43.49
"2 Feb 2008",56.55,1377.2,12.242,3.83910029665101,167.5,43.9
"3 Feb 2008",53.44,1377.2,12.242,3.83910029665101,167.5,40.57
"4 Feb 2008",49.91,1377.2,12.242,3.83910029665101,167.5,33.89
"1 Mar 2008",48.09,1377.2,12.242,3.83910029665101,169.8,33.33
"2 Mar 2008",46.67,1377.2,12.242,3.83910029665101,169.8,31.34
"3 Mar 2008",46.62,1377.2,12.242,3.83910029665101,169.8,31.26
"4 Mar 2008",46.3,1377.2,12.242,3.83910029665101,169.8,29.92
"1 Apr 2008",47.53,1377.2,12.242,3.83910029665101,171.2,30.95
"2 Apr 2008",46.17,1377.2,12.242,3.83910029665101,171.2,28.57
"3 Apr 2008",45.47,1377.2,12.242,3.83910029665101,171.2,29.07
"4 Apr 2008",45.46,1377.2,12.242,3.83910029665101,171.2,27.43
"5 Apr 2008",47.97,1377.2,12.242,3.83910029665101,171.2,34.15
"1 May 2008",47.4,1377.2,12.242,3.83910029665101,174,34.92
"2 May 2008",46.18,1377.2,12.242,3.83910029665101,174,34.48
"3 May 2008",45.7,1377.2,12.242,3.83910029665101,174,35.31
"4 May 2008",40,1377.2,12.242,3.83910029665101,174,34.62
"1 Jun 2008",41.54,1377.2,12.242,3.83910029665101,176.1,36.93
"2 Jun 2008",47.9,1377.2,12.242,3.83910029665101,176.1,51.19
"3 Jun 2008",47.87,1377.2,12.242,3.83910029665101,176.1,46.83
"4 Jun 2008",48.19,1377.2,12.242,3.83910029665101,176.1,47.14
"1 Jul 2008",47.74,1377.2,12.242,3.83910029665101,180.3,43.94
"2 Jul 2008",48.14,1377.2,12.242,3.83910029665101,180.3,44.32
"3 Jul 2008",48.13,1377.2,12.242,3.83910029665101,180.3,43.38
"4 Jul 2008",52.34,1377.2,12.242,3.83910029665101,180.3,48.96
"5 Jul 2008",51.08,1377.2,12.242,3.83910029665101,180.3,40.12
"1 Aug 2008",53.16,1377.2,12.242,3.83910029665101,180.5,41.01
"2 Aug 2008",51.71,1377.2,12.242,3.83910029665101,180.5,41.14
"3 Aug 2008",51.13,1377.2,12.242,3.83910029665101,180.5,43.44
"4 Aug 2008",53.11,1377.2,12.242,3.83910029665101,180.5,47.53
"1 Sep 2008",52.02,1377.2,12.242,3.83910029665101,179.2,50.66
"2 Sep 2008",48.14,1377.2,12.242,3.83910029665101,179.2,41.34
"3 Sep 2008",45.42,1377.2,12.242,3.83910029665101,179.2,37.01
"4 Sep 2008",44.08,1377.2,12.242,3.83910029665101,179.2,37.37
"5 Sep 2008",45.9,1377.2,12.242,3.83910029665101,179.2,39.7
"1 Oct 2008",45.27,1377.2,12.242,3.83910029665101,176.4,38.64
"2 Oct 2008",41.9,1377.2,12.242,3.83910029665101,176.4,39.4
"3 Oct 2008",43.54,1377.2,12.242,3.83910029665101,176.4,40.43
"4 Oct 2008",41.66,1377.2,12.242,3.83910029665101,176.4,39.59
"1 Nov 2008",43.84,1377.2,12.242,3.83910029665101,173.4,41.97
"2 Nov 2008",42.37,1377.2,12.242,3.83910029665101,173.4,39.2
"3 Nov 2008",43.84,1377.2,12.242,3.83910029665101,173.4,38.32
"4 Nov 2008",45.12,1377.2,12.242,3.83910029665101,173.4,39.8
"1 Dec 2008",48.24,1377.2,12.242,3.83910029665101,171.1,41.66
"2 Dec 2008",47.3,1377.2,12.242,3.83910029665101,171.1,40.95
"3 Dec 2008",46.93,1377.2,12.242,3.83910029665101,171.1,38.7
"4 Dec 2008",45.68,1377.2,12.242,3.83910029665101,171.1,38.22
"5 Dec 2008",41.8,1377.2,12.242,3.83910029665101,171.1,35.35
"1 Jan 2009",42.29,1332,12.177,-0.35554626629975,170.1,37.91
"2 Jan 2009",41.76,1332,12.177,-0.35554626629975,170.1,37.57
"3 Jan 2009",41.43,1332,12.177,-0.35554626629975,170.1,38.25
"4 Jan 2009",45.05,1332,12.177,-0.35554626629975,170.1,43.08
"1 Feb 2009",43.79,1332,12.177,-0.35554626629975,168.7,39.94
"2 Feb 2009",50.13,1332,12.177,-0.35554626629975,168.7,46.62
"3 Feb 2009",49.39,1332,12.177,-0.35554626629975,168.7,48.38
"4 Feb 2009",49.64,1332,12.177,-0.35554626629975,168.7,48.52
"1 Mar 2009",52.93,1332,12.177,-0.35554626629975,167.6,49.61
"2 Mar 2009",54.36,1332,12.177,-0.35554626629975,167.6,50.79
"3 Mar 2009",54.12,1332,12.177,-0.35554626629975,167.6,50.35
"4 Mar 2009",57.21,1332,12.177,-0.35554626629975,167.6,62.76
"5 Mar 2009",50.54,1332,12.177,-0.35554626629975,167.6,57.12
"1 Apr 2009",46.56,1332,12.177,-0.35554626629975,168.6,53.02
"2 Apr 2009",45.41,1332,12.177,-0.35554626629975,168.6,51.41
"3 Apr 2009",43.78,1332,12.177,-0.35554626629975,168.6,48.81
"4 Apr 2009",45.25,1332,12.177,-0.35554626629975,168.6,50.41
"1 May 2009",39.09,1332,12.177,-0.35554626629975,170.5,41.39
"2 May 2009",34.87,1332,12.177,-0.35554626629975,170.5,30.57
"3 May 2009",33.72,1332,12.177,-0.35554626629975,170.5,28.32
"4 May 2009",30.64,1332,12.177,-0.35554626629975,170.5,26.42
"1 Jun 2009",33.64,1332,12.177,-0.35554626629975,171.4,24.97
"2 Jun 2009",34.54,1332,12.177,-0.35554626629975,171.4,29.02
"3 Jun 2009",34.27,1332,12.177,-0.35554626629975,171.4,28.72
"4 Jun 2009",31.27,1332,12.177,-0.35554626629975,171.4,26.88
"5 Jun 2009",32.7,1332,12.177,-0.35554626629975,171.4,27.07
"1 Jul 2009",34.51,1332,12.177,-0.35554626629975,169.7,31.39
"2 Jul 2009",36.22,1332,12.177,-0.35554626629975,169.7,34.64
"3 Jul 2009",37.65,1332,12.177,-0.35554626629975,169.7,39.38
"4 Jul 2009",35.11,1332,12.177,-0.35554626629975,169.7,36.24
"1 Aug 2009",34.47,1332,12.177,-0.35554626629975,169.7,35.14
"2 Aug 2009",34.89,1332,12.177,-0.35554626629975,169.7,35.11
"3 Aug 2009",33.25,1332,12.177,-0.35554626629975,169.7,36.86
"4 Aug 2009",31.87,1332,12.177,-0.35554626629975,169.7,32.64
"1 Sep 2009",32.22,1332,12.177,-0.35554626629975,169.5,31.11
"2 Sep 2009",34.34,1332,12.177,-0.35554626629975,169.5,33.19
"3 Sep 2009",32.54,1332,12.177,-0.35554626629975,169.5,33.84
"4 Sep 2009",33.28,1332,12.177,-0.35554626629975,169.5,36.08
"5 Sep 2009",36.01,1332,12.177,-0.35554626629975,169.5,32.33
"1 Oct 2009",33.93,1332,12.177,-0.35554626629975,168.3,30.34
"2 Oct 2009",32.75,1332,12.177,-0.35554626629975,168.3,28.84
"3 Oct 2009",30.51,1332,12.177,-0.35554626629975,168.3,28.14
"4 Oct 2009",26.96,1332,12.177,-0.35554626629975,168.3,26.38
"1 Nov 2009",25.29,1332,12.177,-0.35554626629975,169.1,25.32
"2 Nov 2009",26.02,1332,12.177,-0.35554626629975,169.1,24.78
"3 Nov 2009",24.81,1332,12.177,-0.35554626629975,169.1,23.72
"4 Nov 2009",27.11,1332,12.177,-0.35554626629975,169.1,22.52
"1 Dec 2009",27.09,1332,12.177,-0.35554626629975,171.2,21.61
"2 Dec 2009",27.12,1332,12.177,-0.35554626629975,171.2,19.55
"3 Dec 2009",27.36,1332,12.177,-0.35554626629975,171.2,18.78
"4 Dec 2009",27.2,1332,12.177,-0.35554626629975,171.2,18.46
"5 Dec 2009",27.93,1332,12.177,-0.35554626629975,171.2,18.41
"1 Jan 2010",27.93,1387.4,12.392,1.64004344238989,172.2,18.47
"2 Jan 2010",31.16,1387.4,12.392,1.64004344238989,172.2,19.54
"3 Jan 2010",30.86,1387.4,12.392,1.64004344238989,172.2,19.45
"4 Jan 2010",28.05,1387.4,12.392,1.64004344238989,172.2,13.33
"1 Feb 2010",27.22,1387.4,12.392,1.64004344238989,172.4,12.87
"2 Feb 2010",27.28,1387.4,12.392,1.64004344238989,172.4,12.85
"3 Feb 2010",28.56,1387.4,12.392,1.64004344238989,172.4,10.78
"4 Feb 2010",28.15,1387.4,12.392,1.64004344238989,172.4,10.67
"1 Mar 2010",27.68,1387.4,12.392,1.64004344238989,172.6,10.02
"2 Mar 2010",29.63,1387.4,12.392,1.64004344238989,172.6,12.27
"3 Mar 2010",27.77,1387.4,12.392,1.64004344238989,172.6,11.55
"4 Mar 2010",26.99,1387.4,12.392,1.64004344238989,172.6,11.17
"5 Mar 2010",26.78,1387.4,12.392,1.64004344238989,172.6,9.25
"1 Apr 2010",28.43,1387.4,12.392,1.64004344238989,173.6,11.76
"2 Apr 2010",31.86,1387.4,12.392,1.64004344238989,173.6,13.98
"3 Apr 2010",31.55,1387.4,12.392,1.64004344238989,173.6,14.94
"4 Apr 2010",33.08,1387.4,12.392,1.64004344238989,173.6,16.54
"1 May 2010",31.42,1387.4,12.392,1.64004344238989,175.8,17.38
"2 May 2010",30.79,1387.4,12.392,1.64004344238989,175.8,18.17
"3 May 2010",25.87,1387.4,12.392,1.64004344238989,175.8,10.91
"4 May 2010",23.75,1387.4,12.392,1.64004344238989,175.8,10.58
"1 Jun 2010",27.12,1387.4,12.392,1.64004344238989,174.6,17.86
"2 Jun 2010",21.64,1387.4,12.392,1.64004344238989,174.6,10.94
"3 Jun 2010",21.35,1387.4,12.392,1.64004344238989,174.6,11.16
"4 Jun 2010",25.02,1387.4,12.392,1.64004344238989,174.6,14.85
"5 Jun 2010",24.76,1387.4,12.392,1.64004344238989,174.6,25.49
"1 Jul 2010",24.8,1387.4,12.392,1.64004344238989,174.6,26.46
"2 Jul 2010",25.17,1387.4,12.392,1.64004344238989,174.6,27.71
"3 Jul 2010",27.1,1387.4,12.392,1.64004344238989,174.6,29.38
"4 Jul 2010",25.7,1387.4,12.392,1.64004344238989,174.6,28.16
"1 Aug 2010",24.49,1387.4,12.392,1.64004344238989,175.3,27.53
"2 Aug 2010",25.31,1387.4,12.392,1.64004344238989,175.3,28.68
"3 Aug 2010",27.6,1387.4,12.392,1.64004344238989,175.3,32.01
"4 Aug 2010",26.01,1387.4,12.392,1.64004344238989,175.3,29
"5 Aug 2010",31.58,1387.4,12.392,1.64004344238989,175.3,34.28
"1 Sep 2010",29.69,1387.4,12.392,1.64004344238989,177.3,34.66
"2 Sep 2010",32.04,1387.4,12.392,1.64004344238989,177.3,40.77
"3 Sep 2010",36.06,1387.4,12.392,1.64004344238989,177.3,44.71
"4 Sep 2010",39.95,1387.4,12.392,1.64004344238989,177.3,47.8
"1 Oct 2010",36.36,1387.4,12.392,1.64004344238989,178.2,36.54
"2 Oct 2010",38.32,1387.4,12.392,1.64004344238989,178.2,39.89
"3 Oct 2010",40.21,1387.4,12.392,1.64004344238989,178.2,37.03
"4 Oct 2010",36.33,1387.4,12.392,1.64004344238989,178.2,34.15
"1 Nov 2010",38.71,1387.4,12.392,1.64004344238989,179.4,37.68
"2 Nov 2010",38.53,1387.4,12.392,1.64004344238989,179.4,36.16
"3 Nov 2010",39.98,1387.4,12.392,1.64004344238989,179.4,40.81
"4 Nov 2010",38.99,1387.4,12.392,1.64004344238989,179.4,41.29
"5 Nov 2010",39.74,1387.4,12.392,1.64004344238989,179.4,42.14
"1 Dec 2010",42.63,1387.4,12.392,1.64004344238989,179.8,43.76
"2 Dec 2010",42.34,1387.4,12.392,1.64004344238989,179.8,39.41
"3 Dec 2010",41.52,1387.4,12.392,1.64004344238989,179.8,40.73
"4 Dec 2010",40.94,1387.4,12.392,1.64004344238989,179.8,40.85
"1 Jan 2011",39.5,1513.3,10.421,3.15684156862206,181.1,35.98
"2 Jan 2011",39.42,1513.3,10.421,3.15684156862206,181.1,37.38
"3 Jan 2011",40.72,1513.3,10.421,3.15684156862206,181.1,38.19
"4 Jan 2011",41.81,1513.3,10.421,3.15684156862206,181.1,39.86
"1 Feb 2011",42.54,1513.3,10.421,3.15684156862206,184.6,40.15
"2 Feb 2011",43.36,1513.3,10.421,3.15684156862206,184.6,39.57
"3 Feb 2011",44.81,1513.3,10.421,3.15684156862206,184.6,42.18
"4 Feb 2011",43.82,1513.3,10.421,3.15684156862206,184.6,43.86
"1 Mar 2011",42.97,1513.3,10.421,3.15684156862206,187.8,42.08
"2 Mar 2011",40.75,1513.3,10.421,3.15684156862206,187.8,37.37
"3 Mar 2011",39.1,1513.3,10.421,3.15684156862206,187.8,35.02
"4 Mar 2011",39.31,1513.3,10.421,3.15684156862206,187.8,35.02
"5 Mar 2011",38.24,1513.3,10.421,3.15684156862206,187.8,33.68
"1 Apr 2011",37.54,1513.3,10.421,3.15684156862206,190.8,31.45
"2 Apr 2011",37.42,1513.3,10.421,3.15684156862206,190.8,30.87
"3 Apr 2011",36.7,1513.3,10.421,3.15684156862206,190.8,30.53
"4 Apr 2011",34.3,1513.3,10.421,3.15684156862206,190.8,27.9
"1 May 2011",33.77,1513.3,10.421,3.15684156862206,191.2,27.6
"2 May 2011",33.8,1513.3,10.421,3.15684156862206,191.2,27.61
"3 May 2011",32.31,1513.3,10.421,3.15684156862206,191.2,27.51
"4 May 2011",31.32,1513.3,10.421,3.15684156862206,191.2,27.34
"5 May 2011",31.05,1513.3,10.421,3.15684156862206,191.2,27.48
"1 Jun 2011",32.32,1513.3,10.421,3.15684156862206,191.8,30.19
"2 Jun 2011",33.05,1513.3,10.421,3.15684156862206,191.8,32.16
"3 Jun 2011",32.71,1513.3,10.421,3.15684156862206,191.8,31.28
"4 Jun 2011",36.97,1513.3,10.421,3.15684156862206,191.8,34.36
"1 Jul 2011",37.37,1513.3,10.421,3.15684156862206,193.4,35.63
"2 Jul 2011",35.67,1513.3,10.421,3.15684156862206,193.4,33.87
"3 Jul 2011",37.2,1513.3,10.421,3.15684156862206,193.4,41.05
"4 Jul 2011",40.89,1513.3,10.421,3.15684156862206,193.4,43.6
"1 Aug 2011",45.01,1513.3,10.421,3.15684156862206,195.5,45.89
"2 Aug 2011",44.99,1513.3,10.421,3.15684156862206,195.5,46.57
"3 Aug 2011",44.86,1513.3,10.421,3.15684156862206,195.5,43.89
"4 Aug 2011",45.19,1513.3,10.421,3.15684156862206,195.5,42.76
"5 Aug 2011",45.93,1513.3,10.421,3.15684156862206,195.5,41.47
"1 Sep 2011",43.47,1513.3,10.421,3.15684156862206,196.4,36.52
"2 Sep 2011",44.64,1513.3,10.421,3.15684156862206,196.4,36.31
"3 Sep 2011",42.78,1513.3,10.421,3.15684156862206,196.4,35.14
"4 Sep 2011",43.55,1513.3,10.421,3.15684156862206,196.4,32.75
"1 Oct 2011",44.87,1513.3,10.421,3.15684156862206,194.4,32.34
"2 Oct 2011",42.17,1513.3,10.421,3.15684156862206,194.4,33.11
"3 Oct 2011",40.67,1513.3,10.421,3.15684156862206,194.4,30.16
"4 Oct 2011",41.05,1513.3,10.421,3.15684156862206,194.4,29.79
"1 Nov 2011",43.03,1513.3,10.421,3.15684156862206,194.8,31.18
"2 Nov 2011",44.18,1513.3,10.421,3.15684156862206,194.8,31.66
"3 Nov 2011",43.91,1513.3,10.421,3.15684156862206,194.8,31.39
"4 Nov 2011",43.04,1513.3,10.421,3.15684156862206,194.8,30.46
"5 Nov 2011",41.04,1513.3,10.421,3.15684156862206,194.8,28.34
"1 Dec 2011",40.72,1513.3,10.421,3.15684156862206,194.2,28.83
"2 Dec 2011",42.87,1513.3,10.421,3.15684156862206,194.2,29.43
"3 Dec 2011",42.75,1513.3,10.421,3.15684156862206,194.2,28.4
"4 Dec 2011",49.11,1513.3,10.421,3.15684156862206,194.2,34.15
"1 Jan 2012",49.59,1168.7,10.635,2.06933726526059,194.9,36.63
"2 Jan 2012",53.71,1168.7,10.635,2.06933726526059,194.9,39.33
"3 Jan 2012",56.94,1168.7,10.635,2.06933726526059,194.9,40.52
"4 Jan 2012",58.2,1168.7,10.635,2.06933726526059,194.9,40.31
"5 Jan 2012",58.16,1168.7,10.635,2.06933726526059,194.9,43.05
"1 Feb 2012",57.02,1168.7,10.635,2.06933726526059,194.9,42.5
"2 Feb 2012",57.33,1168.7,10.635,2.06933726526059,194.9,43.03
"3 Feb 2012",57.24,1168.7,10.635,2.06933726526059,194.9,44.05
"4 Feb 2012",57.52,1168.7,10.635,2.06933726526059,194.9,44.27
"1 Mar 2012",57.19,1168.7,10.635,2.06933726526059,195.7,43.86
"2 Mar 2012",58.24,1168.7,10.635,2.06933726526059,195.7,47.7
"3 Mar 2012",56.08,1168.7,10.635,2.06933726526059,195.7,60.13
"4 Mar 2012",56.43,1168.7,10.635,2.06933726526059,195.7,59.99
"1 Apr 2012",60.13,1168.7,10.635,2.06933726526059,196,61.42
"2 Apr 2012",60.87,1168.7,10.635,2.06933726526059,196,62.12
"3 Apr 2012",59.44,1168.7,10.635,2.06933726526059,196,60.69
"4 Apr 2012",59.42,1168.7,10.635,2.06933726526059,196,61.21
"1 May 2012",59.32,1168.7,10.635,2.06933726526059,196.6,61.87
"2 May 2012",56.11,1168.7,10.635,2.06933726526059,196.6,59.29
"3 May 2012",54.79,1168.7,10.635,2.06933726526059,196.6,56.89
"4 May 2012",62.32,1168.7,10.635,2.06933726526059,196.6,63.84
"5 May 2012",64.02,1168.7,10.635,2.06933726526059,196.6,64.81
"1 Jun 2012",63.99,1168.7,10.635,2.06933726526059,197.1,51.86
"2 Jun 2012",62.53,1168.7,10.635,2.06933726526059,197.1,52.88
"3 Jun 2012",68.79,1168.7,10.635,2.06933726526059,197.1,60.03
"4 Jun 2012",72.02,1168.7,10.635,2.06933726526059,197.1,63.12
"1 Jul 2012",76.33,1168.7,10.635,2.06933726526059,198.2,66.77
"2 Jul 2012",79.99,1168.7,10.635,2.06933726526059,198.2,69.78
"3 Jul 2012",80.76,1168.7,10.635,2.06933726526059,198.2,72.72
"4 Jul 2012",80.08,1168.7,10.635,2.06933726526059,198.2,72.02
"5 Jul 2012",79.38,1168.7,10.635,2.06933726526059,198.2,69.97
"1 Aug 2012",78.14,1168.7,10.635,2.06933726526059,200.6,69.22
"2 Aug 2012",77.68,1168.7,10.635,2.06933726526059,200.6,66.13
"3 Aug 2012",77.28,1168.7,10.635,2.06933726526059,200.6,65.43
"4 Aug 2012",77.69,1168.7,10.635,2.06933726526059,200.6,64.25
"1 Sep 2012",77.47,1168.7,10.635,2.06933726526059,202.1,63.64
"2 Sep 2012",78.53,1168.7,10.635,2.06933726526059,202.1,63.98
"3 Sep 2012",78.16,1168.7,10.635,2.06933726526059,202.1,63.53
"4 Sep 2012",76.6,1168.7,10.635,2.06933726526059,202.1,57.59
"1 Oct 2012",75.9,1168.7,10.635,2.06933726526059,202.4,56.64
"2 Oct 2012",76.73,1168.7,10.635,2.06933726526059,202.4,56.37
"3 Oct 2012",74.99,1168.7,10.635,2.06933726526059,202.4,55.5
"4 Oct 2012",74.36,1168.7,10.635,2.06933726526059,202.4,55.87
"5 Oct 2012",72.89,1168.7,10.635,2.06933726526059,202.4,51.53
"1 Nov 2012",72.53,1168.7,10.635,2.06933726526059,202.6,52.06
"2 Nov 2012",72.45,1168.7,10.635,2.06933726526059,202.6,54.22
"3 Nov 2012",73.78,1168.7,10.635,2.06933726526059,202.6,56.47
"4 Nov 2012",75.98,1168.7,10.635,2.06933726526059,202.6,59.43
"1 Dec 2012",76.16,1168.7,10.635,2.06933726526059,201.7,60.8
"2 Dec 2012",73.88,1168.7,10.635,2.06933726526059,201.7,56.17
"3 Dec 2012",73.79,1168.7,10.635,2.06933726526059,201.7,56.02
"4 Dec 2012",73.85,1168.7,10.635,2.06933726526059,201.7,57.13
"1 Jan 2013",72.78,1622.3,11.004,1.46483265562714,200.6,55.91
"2 Jan 2013",71.74,1622.3,11.004,1.46483265562714,200.6,55.77
"3 Jan 2013",70.15,1622.3,11.004,1.46483265562714,200.6,55.03
"4 Jan 2013",69.78,1622.3,11.004,1.46483265562714,200.6,53.66
"5 Jan 2013",69.73,1622.3,11.004,1.46483265562714,200.6,55.29
"1 Feb 2013",67.97,1622.3,11.004,1.46483265562714,200.6,53.1
"2 Feb 2013",65.89,1622.3,11.004,1.46483265562714,200.6,51.82
"3 Feb 2013",66.85,1622.3,11.004,1.46483265562714,200.6,54.35
"4 Feb 2013",66.38,1622.3,11.004,1.46483265562714,200.6,53.16
"1 Mar 2013",65.67,1622.3,11.004,1.46483265562714,200.9,50.41
"2 Mar 2013",63.67,1622.3,11.004,1.46483265562714,200.9,46.35
"3 Mar 2013",65.24,1622.3,11.004,1.46483265562714,200.9,46.5
"4 Mar 2013",65.04,1622.3,11.004,1.46483265562714,200.9,46.03
"1 Apr 2013",66.71,1622.3,11.004,1.46483265562714,200.6,49.5
"2 Apr 2013",64.65,1622.3,11.004,1.46483265562714,200.6,46.25
"3 Apr 2013",61.68,1622.3,11.004,1.46483265562714,200.6,42.56
"4 Apr 2013",60.21,1622.3,11.004,1.46483265562714,200.6,42.42
"5 Apr 2013",60.12,1622.3,11.004,1.46483265562714,200.6,43.29
"1 May 2013",62.42,1622.3,11.004,1.46483265562714,201.7,50.19
"2 May 2013",61.73,1622.3,11.004,1.46483265562714,201.7,41.71
"3 May 2013",60.94,1622.3,11.004,1.46483265562714,201.7,41.78
"4 May 2013",56.88,1622.3,11.004,1.46483265562714,201.7,39.76
"1 Jun 2013",54.99,1622.3,11.004,1.46483265562714,202.7,36.98
"2 Jun 2013",53.07,1622.3,11.004,1.46483265562714,202.7,31.16
"3 Jun 2013",53.27,1622.3,11.004,1.46483265562714,202.7,31.19
"4 Jun 2013",51.33,1622.3,11.004,1.46483265562714,202.7,30.55
"1 Jul 2013",50.89,1622.3,11.004,1.46483265562714,203.2,30.1
"2 Jul 2013",52.38,1622.3,11.004,1.46483265562714,203.2,31.19
"3 Jul 2013",54.4,1622.3,11.004,1.46483265562714,203.2,32.5
"4 Jul 2013",58.3,1622.3,11.004,1.46483265562714,203.2,34.25
"5 Jul 2013",57.24,1622.3,11.004,1.46483265562714,203.2,33.72
"1 Aug 2013",57.4,1622.3,11.004,1.46483265562714,202.3,33.89
"2 Aug 2013",57.3,1622.3,11.004,1.46483265562714,202.3,35.01
"3 Aug 2013",59.98,1622.3,11.004,1.46483265562714,202.3,39.87
"4 Aug 2013",62.35,1622.3,11.004,1.46483265562714,202.3,42.12
"1 Sep 2013",61.72,1622.3,11.004,1.46483265562714,202.4,40.97
"2 Sep 2013",63.75,1622.3,11.004,1.46483265562714,202.4,49.59
"3 Sep 2013",64.1,1622.3,11.004,1.46483265562714,202.4,51.04
"4 Sep 2013",61.95,1622.3,11.004,1.46483265562714,202.4,48.38
"1 Oct 2013",60.43,1622.3,11.004,1.46483265562714,201,51.79
"2 Oct 2013",57.77,1622.3,11.004,1.46483265562714,201,48.79
"3 Oct 2013",54.76,1622.3,11.004,1.46483265562714,201,46.41
"4 Oct 2013",54.96,1622.3,11.004,1.46483265562714,201,48.31
"5 Oct 2013",55.87,1622.3,11.004,1.46483265562714,201,50.55
"1 Nov 2013",55.12,1622.3,11.004,1.46483265562714,200.3,49.86
"2 Nov 2013",56.02,1622.3,11.004,1.46483265562714,200.3,52.28
"3 Nov 2013",58.79,1622.3,11.004,1.46483265562714,200.3,55.12
"4 Nov 2013",56.18,1622.3,11.004,1.46483265562714,200.3,52.76
"1 Dec 2013",55.44,1622.3,11.004,1.46483265562714,200.7,50.25
"2 Dec 2013",55.49,1622.3,11.004,1.46483265562714,200.7,52.2
"3 Dec 2013",56.59,1622.3,11.004,1.46483265562714,200.7,52.78
"4 Dec 2013",53.65,1622.3,11.004,1.46483265562714,200.7,49.32
"5 Dec 2013",51.76,1622.3,11.004,1.46483265562714,200.7,46.78
"1 Jan 2014",53.36,1327.1,9.767,1.62222297740821,201.4,46.04
"2 Jan 2014",52.57,1327.1,9.767,1.62222297740821,201.4,44.16
"3 Jan 2014",53.37,1327.1,9.767,1.62222297740821,201.4,42.11
"4 Jan 2014",56.26,1327.1,9.767,1.62222297740821,201.4,44.27
"1 Feb 2014",56.55,1327.1,9.767,1.62222297740821,202.3,43.9
"2 Feb 2014",55.47,1327.1,9.767,1.62222297740821,202.3,43.42
"3 Feb 2014",53.21,1327.1,9.767,1.62222297740821,202.3,41.4
"4 Feb 2014",54.11,1327.1,9.767,1.62222297740821,202.3,39.04
"1 Mar 2014",53.47,1327.1,9.767,1.62222297740821,205.9,37.81
"2 Mar 2014",52.09,1327.1,9.767,1.62222297740821,205.9,36.07
"3 Mar 2014",51.47,1327.1,9.767,1.62222297740821,205.9,36.39
"4 Mar 2014",51.98,1327.1,9.767,1.62222297740821,205.9,36.76
"1 Apr 2014",52.89,1327.1,9.767,1.62222297740821,210.9,37.04
"2 Apr 2014",49.71,1327.1,9.767,1.62222297740821,210.9,33.14
"3 Apr 2014",48.46,1327.1,9.767,1.62222297740821,210.9,32.36
"4 Apr 2014",50.17,1327.1,9.767,1.62222297740821,210.9,33.48
"5 Apr 2014",48.82,1327.1,9.767,1.62222297740821,210.9,33.17
"1 May 2014",50.67,1327.1,9.767,1.62222297740821,211,34.87
"2 May 2014",48.8,1327.1,9.767,1.62222297740821,211,35.05
"3 May 2014",47.64,1327.1,9.767,1.62222297740821,211,34.33
"4 May 2014",47.88,1327.1,9.767,1.62222297740821,211,34.76
"1 Jun 2014",47.86,1327.1,9.767,1.62222297740821,211.8,34.74
"2 Jun 2014",46.09,1327.1,9.767,1.62222297740821,211.8,33.77
"3 Jun 2014",45.27,1327.1,9.767,1.62222297740821,211.8,33
"4 Jun 2014",45.33,1327.1,9.767,1.62222297740821,211.8,32.8
"1 Jul 2014",44.43,1327.1,9.767,1.62222297740821,212.9,33.25
"2 Jul 2014",45.48,1327.1,9.767,1.62222297740821,212.9,34.7
"3 Jul 2014",45.39,1327.1,9.767,1.62222297740821,212.9,36.35
"4 Jul 2014",46.2,1327.1,9.767,1.62222297740821,212.9,34.43
"5 Jul 2014",47.51,1327.1,9.767,1.62222297740821,212.9,35.13
"1 Aug 2014",47.56,1327.1,9.767,1.62222297740821,212.9,34.98
"2 Aug 2014",47.19,1327.1,9.767,1.62222297740821,212.9,34.17
"3 Aug 2014",48.07,1327.1,9.767,1.62222297740821,212.9,34.4
"4 Aug 2014",47.77,1327.1,9.767,1.62222297740821,212.9,34.65
"1 Sep 2014",46.84,1327.1,9.767,1.62222297740821,212.6,35.77
"2 Sep 2014",46.1,1327.1,9.767,1.62222297740821,212.6,39.62
"3 Sep 2014",45.09,1327.1,9.767,1.62222297740821,212.6,40.85
"4 Sep 2014",45.47,1327.1,9.767,1.62222297740821,212.6,43.21
"5 Sep 2014",47.78,1327.1,9.767,1.62222297740821,212.6,45.64
"1 Oct 2014",46.97,1327.1,9.767,1.62222297740821,211.8,45.14
"2 Oct 2014",44.41,1327.1,9.767,1.62222297740821,211.8,44.13
"3 Oct 2014",43.84,1327.1,9.767,1.62222297740821,211.8,43.21
"4 Oct 2014",43.48,1327.1,9.767,1.62222297740821,211.8,42.04
"1 Nov 2014",45.26,1327.1,9.767,1.62222297740821,210,43.36
"2 Nov 2014",46.79,1327.1,9.767,1.62222297740821,210,45.19
"3 Nov 2014",47.22,1327.1,9.767,1.62222297740821,210,43.83
"4 Nov 2014",47.27,1327.1,9.767,1.62222297740821,210,41.3
"1 Dec 2014",47.77,1327.1,9.767,1.62222297740821,208.5,35.45
"2 Dec 2014",48.68,1327.1,9.767,1.62222297740821,208.5,36.17
"3 Dec 2014",49.72,1327.1,9.767,1.62222297740821,208.5,35.76
"4 Dec 2014",50.22,1327.1,9.767,1.62222297740821,208.5,36.23
"5 Dec 2014",46.8,1327.1,9.767,1.62222297740821,208.5,31.82
"1 Jan 2015",44.15,1338.1,10.804,0.118627135552435,205.1,30.28
"2 Jan 2015",44.62,1338.1,10.804,0.118627135552435,205.1,31.38
"3 Jan 2015",46.4,1338.1,10.804,0.118627135552435,205.1,32.76
"4 Jan 2015",51.72,1338.1,10.804,0.118627135552435,205.1,39.64
"1 Feb 2015",49.66,1338.1,10.804,0.118627135552435,202.5,35.9
"2 Feb 2015",52.49,1338.1,10.804,0.118627135552435,202.5,37.93
"3 Feb 2015",54.75,1338.1,10.804,0.118627135552435,202.5,39.68
"4 Feb 2015",54.11,1338.1,10.804,0.118627135552435,202.5,38.94
"1 Mar 2015",52.52,1338.1,10.804,0.118627135552435,201.8,37.19
"2 Mar 2015",52.64,1338.1,10.804,0.118627135552435,201.8,36.84
"3 Mar 2015",53.96,1338.1,10.804,0.118627135552435,201.8,36.88
"4 Mar 2015",55.4,1338.1,10.804,0.118627135552435,201.8,39.85
"5 Mar 2015",58.58,1338.1,10.804,0.118627135552435,201.8,43.78
"1 Apr 2015",59.79,1338.1,10.804,0.118627135552435,201.2,45.97
"2 Apr 2015",58.77,1338.1,10.804,0.118627135552435,201.2,44.75
"3 Apr 2015",53.38,1338.1,10.804,0.118627135552435,201.2,38.48
"4 Apr 2015",53.25,1338.1,10.804,0.118627135552435,201.2,38.03
"1 May 2015",55.76,1338.1,10.804,0.118627135552435,202.6,46.17
"2 May 2015",55.84,1338.1,10.804,0.118627135552435,202.6,49.59
"3 May 2015",52.19,1338.1,10.804,0.118627135552435,202.6,50.1
"4 May 2015",50.73,1338.1,10.804,0.118627135552435,202.6,54.81
"1 Jun 2015",43.25,1338.1,10.804,0.118627135552435,204.6,45.42
"2 Jun 2015",40.07,1338.1,10.804,0.118627135552435,204.6,44.48
"3 Jun 2015",39.61,1338.1,10.804,0.118627135552435,204.6,45.16
"4 Jun 2015",40.12,1338.1,10.804,0.118627135552435,204.6,39.78
"5 Jun 2015",38.53,1338.1,10.804,0.118627135552435,204.6,37.23
"1 Jul 2015",36.55,1338.1,10.804,0.118627135552435,203.5,34.7
"2 Jul 2015",35.21,1338.1,10.804,0.118627135552435,203.5,32.59
"3 Jul 2015",35.98,1338.1,10.804,0.118627135552435,203.5,32.97
"4 Jul 2015",38.89,1338.1,10.804,0.118627135552435,203.5,35.26
"1 Aug 2015",42.28,1338.1,10.804,0.118627135552435,203.5,43.21
"2 Aug 2015",43.87,1338.1,10.804,0.118627135552435,203.5,48.58
"3 Aug 2015",45.24,1338.1,10.804,0.118627135552435,203.5,50.69
"4 Aug 2015",44.96,1338.1,10.804,0.118627135552435,203.5,46.87
"1 Sep 2015",45.79,1338.1,10.804,0.118627135552435,201.4,49.53
"2 Sep 2015",50.37,1338.1,10.804,0.118627135552435,201.4,54.73
"3 Sep 2015",51.55,1338.1,10.804,0.118627135552435,201.4,55.22
"4 Sep 2015",54.81,1338.1,10.804,0.118627135552435,201.4,58.09
"5 Sep 2015",55.09,1338.1,10.804,0.118627135552435,201.4,56.75
"1 Oct 2015",51.01,1338.1,10.804,0.118627135552435,199.5,46.94
"2 Oct 2015",53.39,1338.1,10.804,0.118627135552435,199.5,48.59
"3 Oct 2015",58.97,1338.1,10.804,0.118627135552435,199.5,55.54
"4 Oct 2015",53.76,1338.1,10.804,0.118627135552435,199.5,51.91
"1 Nov 2015",48.15,1338.1,10.804,0.118627135552435,198.1,44.77
"2 Nov 2015",45.1,1338.1,10.804,0.118627135552435,198.1,43.41
"3 Nov 2015",43.61,1338.1,10.804,0.118627135552435,198.1,41.4
"4 Nov 2015",38.45,1338.1,10.804,0.118627135552435,198.1,37.08
"1 Dec 2015",36.74,1338.1,10.804,0.118627135552435,195.1,36.3
"2 Dec 2015",35.15,1338.1,10.804,0.118627135552435,195.1,34.36
"3 Dec 2015",34.58,1338.1,10.804,0.118627135552435,195.1,36.64
"4 Dec 2015",33.78,1338.1,10.804,0.118627135552435,195.1,36.84
"5 Dec 2015",33.01,1338.1,10.804,0.118627135552435,195.1,36.56
"1 Jan 2016",31.43,1239.6,12.98,1.26158320570537,193.4,33.97
"2 Jan 2016",29.54,1239.6,12.98,1.26158320570537,193.4,31.36
"3 Jan 2016",28.76,1239.6,12.98,1.26158320570537,193.4,30.83
"4 Jan 2016",28.01,1239.6,12.98,1.26158320570537,193.4,26.16
"1 Feb 2016",28.92,1239.6,12.98,1.26158320570537,194.3,26.53
"2 Feb 2016",29.19,1239.6,12.98,1.26158320570537,194.3,25.7
"3 Feb 2016",32.25,1239.6,12.98,1.26158320570537,194.3,29.32
"4 Feb 2016",29.9,1239.6,12.98,1.26158320570537,194.3,23.67
"1 Mar 2016",31.98,1239.6,12.98,1.26158320570537,194.1,20.48
"2 Mar 2016",35.41,1239.6,12.98,1.26158320570537,194.1,22.76
"3 Mar 2016",33.5,1239.6,12.98,1.26158320570537,194.1,20.18
"4 Mar 2016",34.75,1239.6,12.98,1.26158320570537,194.1,20.9
"5 Mar 2016",38.9,1239.6,12.98,1.26158320570537,194.1,24.96
"1 Apr 2016",37.87,1239.6,12.98,1.26158320570537,194.8,26.43
"2 Apr 2016",39.2,1239.6,12.98,1.26158320570537,194.8,27.92
"3 Apr 2016",39.28,1239.6,12.98,1.26158320570537,194.8,38.08
"4 Apr 2016",39.64,1239.6,12.98,1.26158320570537,194.8,43.21
"1 May 2016",33.9,1239.6,12.98,1.26158320570537,195.7,41.33
"2 May 2016",30.42,1239.6,12.98,1.26158320570537,195.7,35.9
"3 May 2016",28.97,1239.6,12.98,1.26158320570537,195.7,36.56
"4 May 2016",31.16,1239.6,12.98,1.26158320570537,195.7,36.93
"5 May 2016",31.82,1239.6,12.98,1.26158320570537,195.7,38.12
"1 Jun 2016",34.83,1239.6,12.98,1.26158320570537,197.5,40.55
"2 Jun 2016",39.11,1239.6,12.98,1.26158320570537,197.5,46.33
"3 Jun 2016",41.23,1239.6,12.98,1.26158320570537,197.5,50.63
"4 Jun 2016",43.39,1239.6,12.98,1.26158320570537,197.5,51.89
"1 Jul 2016",44.24,1239.6,12.98,1.26158320570537,197.3,53.71
"2 Jul 2016",44.4,1239.6,12.98,1.26158320570537,197.3,54.19
"3 Jul 2016",47.66,1239.6,12.98,1.26158320570537,197.3,55.41
"4 Jul 2016",50.93,1239.6,12.98,1.26158320570537,197.3,55.39
"1 Aug 2016",50.14,1239.6,12.98,1.26158320570537,196.2,53.19
"2 Aug 2016",51.67,1239.6,12.98,1.26158320570537,196.2,54.1
"3 Aug 2016",47.28,1239.6,12.98,1.26158320570537,196.2,50.03
"4 Aug 2016",45.37,1239.6,12.98,1.26158320570537,196.2,48.8
"5 Aug 2016",45.08,1239.6,12.98,1.26158320570537,196.2,50.77
"1 Sep 2016",44.18,1239.6,12.98,1.26158320570537,196.1,49.58
"2 Sep 2016",44.2,1239.6,12.98,1.26158320570537,196.1,51.97
"3 Sep 2016",45.03,1239.6,12.98,1.26158320570537,196.1,51.96
"4 Sep 2016",46.4,1239.6,12.98,1.26158320570537,196.1,55.94
"1 Oct 2016",43.81,1239.6,12.98,1.26158320570537,194.6,49.83
"2 Oct 2016",44.61,1239.6,12.98,1.26158320570537,194.6,51.26
"3 Oct 2016",44.39,1239.6,12.98,1.26158320570537,194.6,52.3
"4 Oct 2016",44.32,1239.6,12.98,1.26158320570537,194.6,52.61
"1 Nov 2016",47.72,1239.6,12.98,1.26158320570537,193.4,55.52
"2 Nov 2016",48.91,1239.6,12.98,1.26158320570537,193.4,55.86
"3 Nov 2016",51.99,1239.6,12.98,1.26158320570537,193.4,59.81
"4 Nov 2016",55,1239.6,12.98,1.26158320570537,193.4,63.52
"5 Nov 2016",56.31,1239.6,12.98,1.26158320570537,193.4,63.65
"1 Dec 2016",54.83,1239.6,12.98,1.26158320570537,194.5,62.1
"2 Dec 2016",54.22,1239.6,12.98,1.26158320570537,194.5,62.97
"3 Dec 2016",54.81,1239.6,12.98,1.26158320570537,194.5,65.5
"4 Dec 2016",50.81,1239.6,12.98,1.26158320570537,194.5,65.31
"1 Jan 2017",46.1,1292.1,11.532,2.13011000365963,195.2,59.92
"2 Jan 2017",41.65,1292.1,11.532,2.13011000365963,195.2,57.93
"3 Jan 2017",39.5,1292.1,11.532,2.13011000365963,195.2,55.94
"4 Jan 2017",32.8,1292.1,11.532,2.13011000365963,195.2,48.17
"5 Jan 2017",31.97,1292.1,11.532,2.13011000365963,195.2,47.84
"1 Feb 2017",31,1292.1,11.532,2.13011000365963,195.5,48.55
"2 Feb 2017",31.73,1292.1,11.532,2.13011000365963,195.5,50.18
"3 Feb 2017",31.53,1292.1,11.532,2.13011000365963,195.5,49.77
"4 Feb 2017",33.71,1292.1,11.532,2.13011000365963,195.5,54.74
"1 Mar 2017",32.77,1292.1,11.532,2.13011000365963,196.7,53.61
"2 Mar 2017",31.86,1292.1,11.532,2.13011000365963,196.7,50.66
"3 Mar 2017",36.21,1292.1,11.532,2.13011000365963,196.7,49.7
"4 Mar 2017",35.58,1292.1,11.532,2.13011000365963,196.7,49.33
"1 Apr 2017",29.72,1292.1,11.532,2.13011000365963,197.2,42.46
"2 Apr 2017",26.99,1292.1,11.532,2.13011000365963,197.2,37.84
"3 Apr 2017",26.95,1292.1,11.532,2.13011000365963,197.2,37.66
"4 Apr 2017",21.67,1292.1,11.532,2.13011000365963,197.2,31.31
"1 May 2017",14.3,1292.1,11.532,2.13011000365963,198.9,26.88
"2 May 2017",15.11,1292.1,11.532,2.13011000365963,198.9,23.76
"3 May 2017",16.57,1292.1,11.532,2.13011000365963,198.9,24.5
"4 May 2017",14.27,1292.1,11.532,2.13011000365963,198.9,20.7
"5 May 2017",18.3,1292.1,11.532,2.13011000365963,198.9,20.39
"1 Jun 2017",16.96,1292.1,11.532,2.13011000365963,201.3,16.14
"2 Jun 2017",20.01,1292.1,11.532,2.13011000365963,201.3,19.78
"3 Jun 2017",19.5,1292.1,11.532,2.13011000365963,201.3,16.24
"4 Jun 2017",21.6,1292.1,11.532,2.13011000365963,201.3,16.38
"1 Jul 2017",22.35,1292.1,11.532,2.13011000365963,200.3,17.18
"2 Jul 2017",23.1,1292.1,11.532,2.13011000365963,200.3,15.77
"3 Jul 2017",29.33,1292.1,11.532,2.13011000365963,200.3,18.23
"4 Jul 2017",32.7,1292.1,11.532,2.13011000365963,200.3,18.9
"1 Aug 2017",30.52,1292.1,11.532,2.13011000365963,200.3,20.34
"2 Aug 2017",29.77,1292.1,11.532,2.13011000365963,200.3,20.35
"3 Aug 2017",28.05,1292.1,11.532,2.13011000365963,200.3,20.14
"4 Aug 2017",27.43,1292.1,11.532,2.13011000365963,200.3,20.53
"5 Aug 2017",28.57,1292.1,11.532,2.13011000365963,200.3,21.14
"1 Sep 2017",30.09,1292.1,11.532,2.13011000365963,198.5,20.68
"2 Sep 2017",33.74,1292.1,11.532,2.13011000365963,198.5,26.19
"3 Sep 2017",36.87,1292.1,11.532,2.13011000365963,198.5,28.9
"4 Sep 2017",36.93,1292.1,11.532,2.13011000365963,198.5,33.8
"1 Oct 2017",38.85,1292.1,11.532,2.13011000365963,198,41.17
"2 Oct 2017",38.07,1292.1,11.532,2.13011000365963,198,44.15
"3 Oct 2017",37.75,1292.1,11.532,2.13011000365963,198,41.02
"4 Oct 2017",36.36,1292.1,11.532,2.13011000365963,198,42.33
"5 Oct 2017",33.53,1292.1,11.532,2.13011000365963,198,27.78
"1 Nov 2017",32.82,1292.1,11.532,2.13011000365963,196.9,25.8
"2 Nov 2017",35.03,1292.1,11.532,2.13011000365963,196.9,27.46
"3 Nov 2017",36.82,1292.1,11.532,2.13011000365963,196.9,28.91
"4 Nov 2017",42.66,1292.1,11.532,2.13011000365963,196.9,36.91
"1 Dec 2017",47.62,1292.1,11.532,2.13011000365963,196.6,41.97
"2 Dec 2017",54.92,1292.1,11.532,2.13011000365963,196.6,44.65
"3 Dec 2017",56.74,1292.1,11.532,2.13011000365963,196.6,47.14
"4 Dec 2017",54.69,1292.1,11.532,2.13011000365963,196.6,44.49
"1 Jan 2018",55.54,1304.2,13.669,2.44258329692818,196.6,48.13
"2 Jan 2018",57.81,1304.2,13.669,2.44258329692818,196.6,50.45
"3 Jan 2018",60.93,1304.2,13.669,2.44258329692818,196.6,53.37
"4 Jan 2018",62.45,1304.2,13.669,2.44258329692818,196.6,54.74
"5 Jan 2018",67.1,1304.2,13.669,2.44258329692818,196.6,55.17
"1 Feb 2018",66.95,1304.2,13.669,2.44258329692818,197.2,54.36
"2 Feb 2018",60.5,1304.2,13.669,2.44258329692818,197.2,40.69
"3 Feb 2018",59.29,1304.2,13.669,2.44258329692818,197.2,42.7
"4 Feb 2018",54.66,1304.2,13.669,2.44258329692818,197.2,38.76
"1 Mar 2018",52.47,1304.2,13.669,2.44258329692818,198.9,37.75
"2 Mar 2018",52.1,1304.2,13.669,2.44258329692818,198.9,36.44
"3 Mar 2018",49.96,1304.2,13.669,2.44258329692818,198.9,35.27
"4 Mar 2018",49.21,1304.2,13.669,2.44258329692818,198.9,35.27
"1 Apr 2018",47.55,1304.2,13.669,2.44258329692818,199.4,34.14
"2 Apr 2018",46.51,1304.2,13.669,2.44258329692818,199.4,34.83
"3 Apr 2018",42.82,1304.2,13.669,2.44258329692818,199.4,30.27
"4 Apr 2018",42.49,1304.2,13.669,2.44258329692818,199.4,29.73
"1 May 2018",42.76,1304.2,13.669,2.44258329692818,201.1,29.62
"2 May 2018",44.44,1304.2,13.669,2.44258329692818,201.1,29.7
"3 May 2018",45.64,1304.2,13.669,2.44258329692818,201.1,30.07
"4 May 2018",43.33,1304.2,13.669,2.44258329692818,201.1,27.1
"5 May 2018",42.56,1304.2,13.669,2.44258329692818,201.1,25.23
"1 Jun 2018",46.29,1304.2,13.669,2.44258329692818,200.2,30.7
"2 Jun 2018",47.68,1304.2,13.669,2.44258329692818,200.2,33.23
"3 Jun 2018",47.12,1304.2,13.669,2.44258329692818,200.2,33.55
"4 Jun 2018",48.69,1304.2,13.669,2.44258329692818,200.2,36.53
"1 Jul 2018",49.01,1304.2,13.669,2.44258329692818,198.8,36.84
"2 Jul 2018",48.56,1304.2,13.669,2.44258329692818,198.8,38.64
"3 Jul 2018",50.07,1304.2,13.669,2.44258329692818,198.8,43.07
"4 Jul 2018",53.52,1304.2,13.669,2.44258329692818,198.8,43.78
"5 Jul 2018",54.43,1304.2,13.669,2.44258329692818,198.8,41.52
"1 Aug 2018",54.08,1304.2,13.669,2.44258329692818,197.7,40.62
"2 Aug 2018",57.93,1304.2,13.669,2.44258329692818,197.7,42.52
"3 Aug 2018",57.27,1304.2,13.669,2.44258329692818,197.7,42.27
"4 Aug 2018",55.89,1304.2,13.669,2.44258329692818,197.7,41.4
"1 Sep 2018",53.75,1304.2,13.669,2.44258329692818,197.1,38.15
"2 Sep 2018",50.43,1304.2,13.669,2.44258329692818,197.1,33.59
"3 Sep 2018",50.33,1304.2,13.669,2.44258329692818,197.1,33.28
"4 Sep 2018",48.64,1304.2,13.669,2.44258329692818,197.1,30.23
"1 Oct 2018",47.36,1304.2,13.669,2.44258329692818,197.4,30.21
"2 Oct 2018",43.31,1304.2,13.669,2.44258329692818,197.4,28.77
"3 Oct 2018",38.35,1304.2,13.669,2.44258329692818,197.4,25.66
"4 Oct 2018",38.13,1304.2,13.669,2.44258329692818,197.4,25.56
"5 Oct 2018",36.59,1304.2,13.669,2.44258329692818,197.4,25.9
"1 Nov 2018",35.67,1304.2,13.669,2.44258329692818,197.2,25.39
"2 Nov 2018",35.14,1304.2,13.669,2.44258329692818,197.2,25.77
"3 Nov 2018",33.61,1304.2,13.669,2.44258329692818,197.2,25.51
"4 Nov 2018",34.03,1304.2,13.669,2.44258329692818,197.2,26.05
"1 Dec 2018",32.55,1304.2,13.669,2.44258329692818,198,25.28
"2 Dec 2018",32.84,1304.2,13.669,2.44258329692818,198,25.28
"3 Dec 2018",33.15,1304.2,13.669,2.44258329692818,198,25.19
"4 Dec 2018",34,1304.2,13.669,2.44258329692818,198,24.96
"1 Jan 2019",30.95,1252,22.447,1.81221007526015,198.3,23.51
"2 Jan 2019",30.44,1252,22.447,1.81221007526015,198.3,23.12
"3 Jan 2019",31.48,1252,22.447,1.81221007526015,198.3,23.18
"4 Jan 2019",31.11,1252,22.447,1.81221007526015,198.3,23.07
"5 Jan 2019",29.8,1252,22.447,1.81221007526015,198.3,20.29
"1 Feb 2019",30.17,1252,22.447,1.81221007526015,198.8,18.94
"2 Feb 2019",32.17,1252,22.447,1.81221007526015,198.8,19.14
"3 Feb 2019",29.84,1252,22.447,1.81221007526015,198.8,14.1
"4 Feb 2019",26.68,1252,22.447,1.81221007526015,198.8,11.48
"1 Mar 2019",26.44,1252,22.447,1.81221007526015,199.4,11.79
"2 Mar 2019",21.99,1252,22.447,1.81221007526015,199.4,11.79
"3 Mar 2019",18.77,1252,22.447,1.81221007526015,199.4,12.28
"4 Mar 2019",18.35,1252,22.447,1.81221007526015,199.4,14.46
"1 Apr 2019",20.63,1252,22.447,1.81221007526015,201.1,16.38
"2 Apr 2019",18.09,1252,22.447,1.81221007526015,201.1,14.28
"3 Apr 2019",14.12,1252,22.447,1.81221007526015,201.1,11.88
"4 Apr 2019",12.35,1252,22.447,1.81221007526015,201.1,9
"5 Apr 2019",11.12,1252,22.447,1.81221007526015,201.1,8.41
"1 May 2019",9.83,1252,22.447,1.81221007526015,202,7.51
"2 May 2019",8.84,1252,22.447,1.81221007526015,202,7.15
"3 May 2019",9.38,1252,22.447,1.81221007526015,202,7.75
"4 May 2019",12.1,1252,22.447,1.81221007526015,202,12.64
"1 Jun 2019",12.92,1252,22.447,1.81221007526015,202.2,13.81
"2 Jun 2019",10.58,1252,22.447,1.81221007526015,202.2,9.38
"3 Jun 2019",10.73,1252,22.447,1.81221007526015,202.2,8.85
"4 Jun 2019",10.1,1252,22.447,1.81221007526015,202.2,8.33
"1 Jul 2019",9.96,1252,22.447,1.81221007526015,202,8.3
"2 Jul 2019",10.83,1252,22.447,1.81221007526015,202,9.07
"3 Jul 2019",9.79,1252,22.447,1.81221007526015,202,8.79
"4 Jul 2019",10.85,1252,22.447,1.81221007526015,202,10.01
"5 Jul 2019",13.65,1252,22.447,1.81221007526015,202,10.84
"1 Aug 2019",18.98,1252,22.447,1.81221007526015,202.2,14.51
"2 Aug 2019",24.18,1252,22.447,1.81221007526015,202.2,22.21
"3 Aug 2019",26.4,1252,22.447,1.81221007526015,202.2,23.44
"4 Aug 2019",27.84,1252,22.447,1.81221007526015,202.2,23.99
"1 Sep 2019",29.54,1252,22.447,1.81221007526015,202.2,24.22
"2 Sep 2019",31.03,1252,22.447,1.81221007526015,202.2,27.36
"3 Sep 2019",34.2,1252,22.447,1.81221007526015,202.2,35.77
"4 Sep 2019",39.01,1252,22.447,1.81221007526015,202.2,48.13
"1 Oct 2019",39.41,1252,22.447,1.81221007526015,201.8,48.54
"2 Oct 2019",36.81,1252,22.447,1.81221007526015,201.8,47.61
"3 Oct 2019",39.78,1252,22.447,1.81221007526015,201.8,51.33
"4 Oct 2019",37.31,1252,22.447,1.81221007526015,201.8,45.31
"5 Oct 2019",33.76,1252,22.447,1.81221007526015,201.8,34.92
"1 Nov 2019",27.95,1252,22.447,1.81221007526015,203.2,21.69
"2 Nov 2019",29.91,1252,22.447,1.81221007526015,203.2,30.86
"3 Nov 2019",29.69,1252,22.447,1.81221007526015,203.2,29.9
"4 Nov 2019",32.95,1252,22.447,1.81221007526015,203.2,29.9
"1 Dec 2019",31.84,1252,22.447,1.81221007526015,203,26.93
"2 Dec 2019",27.96,1252,22.447,1.81221007526015,203,17.19
"3 Dec 2019",27.06,1252,22.447,1.81221007526015,203,16.37
"4 Dec 2019",25.63,1252,22.447,1.81221007526015,203,12.84
"5 Dec 2019",24.2,1252,22.447,1.81221007526015,203,12.46
"1 Jan 2020",24.06,1310.8,46.092,1.23358439630637,202.4,12.96
"2 Jan 2020",23.3,1310.8,46.092,1.23358439630637,202.4,11.67
"3 Jan 2020",24.87,1310.8,46.092,1.23358439630637,202.4,12.83
"4 Jan 2020",26.68,1310.8,46.092,1.23358439630637,202.4,16.74
"1 Feb 2020",25.7,1310.8,46.092,1.23358439630637,200.9,15.37
"2 Feb 2020",24.15,1310.8,46.092,1.23358439630637,200.9,16.09
"3 Feb 2020",23.51,1310.8,46.092,1.23358439630637,200.9,15.57
"4 Feb 2020",23.02,1310.8,46.092,1.23358439630637,200.9,15.85
"1 Mar 2020",23.79,1310.8,46.092,1.23358439630637,201,16.47
"2 Mar 2020",24.29,1310.8,46.092,1.23358439630637,201,20.3
"3 Mar 2020",24.91,1310.8,46.092,1.23358439630637,201,28.06
"4 Mar 2020",25.06,1310.8,46.092,1.23358439630637,201,26.03
"5 Mar 2020",25.21,1310.8,46.092,1.23358439630637,201,24.29
"1 Apr 2020",25.52,1310.8,46.092,1.23358439630637,201.7,20.36
"2 Apr 2020",25.58,1310.8,46.092,1.23358439630637,201.7,19.86
"3 Apr 2020",26.92,1310.8,46.092,1.23358439630637,201.7,19.7
"4 Apr 2020",28.7,1310.8,46.092,1.23358439630637,201.7,19.11
"1 May 2020",30.77,1310.8,46.092,1.23358439630637,216.3,18.67
"2 May 2020",34.31,1310.8,46.092,1.23358439630637,216.3,20.01
"3 May 2020",35.54,1310.8,46.092,1.23358439630637,216.3,18.19
"4 May 2020",34.35,1310.8,46.092,1.23358439630637,216.3,16.33
"1 Jun 2020",35.89,1310.8,46.092,1.23358439630637,204.4,14.64
"2 Jun 2020",38.62,1310.8,46.092,1.23358439630637,204.4,16.49
"3 Jun 2020",43.74,1310.8,46.092,1.23358439630637,204.4,22.28
"4 Jun 2020",44.75,1310.8,46.092,1.23358439630637,204.4,23.99
"5 Jun 2020",45.43,1310.8,46.092,1.23358439630637,204.4,27.53
"1 Jul 2020",48.51,1310.8,46.092,1.23358439630637,202.1,35.45
"2 Jul 2020",51.4,1310.8,46.092,1.23358439630637,202.1,32.02
"3 Jul 2020",55.63,1310.8,46.092,1.23358439630637,202.1,38.89
"4 Jul 2020",56.03,1310.8,46.092,1.23358439630637,202.1,41.18
"1 Aug 2020",54.01,1310.8,46.092,1.23358439630637,201.5,37.65
"2 Aug 2020",52.91,1310.8,46.092,1.23358439630637,201.5,33.83
"3 Aug 2020",54.01,1310.8,46.092,1.23358439630637,201.5,35.35
"4 Aug 2020",57.62,1310.8,46.092,1.23358439630637,201.5,40.3
"1 Sep 2020",57.46,1310.8,46.092,1.23358439630637,201.8,36.28
"2 Sep 2020",57.08,1310.8,46.092,1.23358439630637,201.8,34.36
"3 Sep 2020",57.52,1310.8,46.092,1.23358439630637,201.8,35.24
"4 Sep 2020",58.52,1310.8,46.092,1.23358439630637,201.8,36.55
"5 Sep 2020",61.95,1310.8,46.092,1.23358439630637,201.8,38.86
"1 Oct 2020",62.88,1310.8,46.092,1.23358439630637,203.2,38.82
"2 Oct 2020",64.82,1310.8,46.092,1.23358439630637,203.2,41.12
"3 Oct 2020",65.96,1310.8,46.092,1.23358439630637,203.2,40.86
"4 Oct 2020",64.42,1310.8,46.092,1.23358439630637,203.2,37.85
"1 Nov 2020",62.37,1310.8,46.092,1.23358439630637,205,34.94
"2 Nov 2020",64.45,1310.8,46.092,1.23358439630637,205,39.05
"3 Nov 2020",64.63,1310.8,46.092,1.23358439630637,205,39.16
"4 Nov 2020",67.41,1310.8,46.092,1.23358439630637,205,45.28
"1 Dec 2020",66.85,1310.8,46.092,1.23358439630637,204.6,43.31
"2 Dec 2020",67.41,1310.8,46.092,1.23358439630637,204.6,45.25
"3 Dec 2020",66.97,1310.8,46.092,1.23358439630637,204.6,42.34
"4 Dec 2020",67.03,1310.8,46.092,1.23358439630637,204.6,42.27
"5 Dec 2020",66.41,1310.8,46.092,1.23358439630637,204.6,40.73
"1 Jan 2021",61.6,1220.4,27.839,4.69785886363739,205,37.36
"2 Jan 2021",61.76,1220.4,27.839,4.69785886363739,205,36.88
"3 Jan 2021",63.47,1220.4,27.839,4.69785886363739,205,37.92
"4 Jan 2021",62.32,1220.4,27.839,4.69785886363739,205,37.05
"1 Feb 2021",64.36,1220.4,27.839,4.69785886363739,208.6,40.29
"2 Feb 2021",64.68,1220.4,27.839,4.69785886363739,208.6,39
"3 Feb 2021",64.46,1220.4,27.839,4.69785886363739,208.6,38.62
"4 Feb 2021",63.9,1220.4,27.839,4.69785886363739,208.6,37.17
"1 Mar 2021",61.67,1220.4,27.839,4.69785886363739,211.8,35.99
"2 Mar 2021",66.54,1220.4,27.839,4.69785886363739,211.8,44.85
"3 Mar 2021",65.85,1220.4,27.839,4.69785886363739,211.8,46.03
"4 Mar 2021",64.21,1220.4,27.839,4.69785886363739,211.8,49.02
"5 Mar 2021",63.41,1220.4,27.839,4.69785886363739,211.8,48.43
"1 Apr 2021",64.36,1220.4,27.839,4.69785886363739,217.7,50.3
"2 Apr 2021",62.55,1220.4,27.839,4.69785886363739,217.7,50.15
"3 Apr 2021",64.68,1220.4,27.839,4.69785886363739,217.7,54.23
"4 Apr 2021",68.27,1220.4,27.839,4.69785886363739,217.7,58.15
"1 May 2021",65.64,1220.4,27.839,4.69785886363739,223.9,52.07
"2 May 2021",61.15,1220.4,27.839,4.69785886363739,223.9,42.14
"3 May 2021",59.69,1220.4,27.839,4.69785886363739,223.9,42.75
"4 May 2021",61.36,1220.4,27.839,4.69785886363739,223.9,56.22
"1 Jun 2021",59,1220.4,27.839,4.69785886363739,228.9,45.64
"2 Jun 2021",61.21,1220.4,27.839,4.69785886363739,228.9,45.65
"3 Jun 2021",60.12,1220.4,27.839,4.69785886363739,228.9,44
"4 Jun 2021",60.68,1220.4,27.839,4.69785886363739,228.9,42.4
"5 Jun 2021",58.52,1220.4,27.839,4.69785886363739,228.9,39.86
"1 Jul 2021",57.52,1220.4,27.839,4.69785886363739,225.335,35.77
"2 Jul 2021",55.78,1220.4,27.839,4.69785886363739,225.335,32.93
"3 Jul 2021",54.06,1220.4,27.839,4.69785886363739,225.335,30.56
"4 Jul 2021",53.54,1220.4,27.839,4.69785886363739,225.335,29.36
"1 Aug 2021",54.17,1220.4,27.839,4.69785886363739,229.188,30.06
"2 Aug 2021",56.22,1220.4,27.839,4.69785886363739,229.188,34.6
"3 Aug 2021",56.28,1220.4,27.839,4.69785886363739,229.188,34.69
"4 Aug 2021",55.61,1220.4,27.839,4.69785886363739,229.188,33.14
"5 Aug 2021",55.52,1220.4,27.839,4.69785886363739,229.188,30.55
"1 Sep 2021",54.86,1220.4,27.839,4.69785886363739,231.889,31.07
"2 Sep 2021",58.45,1220.4,27.839,4.69785886363739,231.889,35.57
"3 Sep 2021",60.87,1220.4,27.839,4.69785886363739,231.889,36.9
"4 Sep 2021",62.65,1220.4,27.839,4.69785886363739,231.889,37.04
"1 Oct 2021",62.36,1220.4,27.839,4.69785886363739,229.355,38.84
"2 Oct 2021",62.53,1220.4,27.839,4.69785886363739,229.355,37.49
"3 Oct 2021",61.68,1220.4,27.839,4.69785886363739,229.355,34.75
"4 Oct 2021",64.21,1220.4,27.839,4.69785886363739,229.355,37.44
"1 Nov 2021",62.78,1220.4,27.839,4.69785886363739,229.493,36.18
"2 Nov 2021",62.95,1220.4,27.839,4.69785886363739,229.493,36.23
"3 Nov 2021",63.47,1220.4,27.839,4.69785886363739,229.493,36.93
"4 Nov 2021",65.51,1220.4,27.839,4.69785886363739,229.493,39.57
"5 Nov 2021",69.05,1220.4,27.839,4.69785886363739,229.493,42.1
"1 Dec 2021",72,1220.4,27.839,4.69785886363739,229.617,46.74
"2 Dec 2021",73.95,1220.4,27.839,4.69785886363739,229.617,50.43
"3 Dec 2021",72.42,1220.4,27.839,4.69785886363739,229.617,49.96
"4 Dec 2021",73.49,1220.4,27.839,4.69785886363739,229.617,52.04
